financial_id,company_name,year,revenue,profit,liquidity_ratio,debt_equity_ratio,cash_flow
0,Gómez-Cardozo S.A.S.,2021,14103440.43,19772809.19,0.69,2.1,9111115.75
1,Reyes-Zambrano S.A.S.,2020,95306357.03,5895296.38,1.58,0.62,-4585966.12
2,"Galvis, Ramírez and Angarita S.A.S.",2021,1769304.78,5238820.84,1.52,0.28,6536062.13
3,Posada-Peña S.A.S.,2022,87456686.12,1264320.83,1.29,2.41,7144483.49
4,"Reyes, Álvarez and Hernández S.A.S.",2021,83185542.81,15835907.86,0.8,1.03,190054.18
5,Garcés-Buitrago S.A.S.,2021,43133958.44,6993611.94,0.99,1.67,-4269330.09
6,Castro-Flórez S.A.S.,2021,58277648.94,15981652.9,0.58,2.13,2633324.42
7,Reyes-Zambrano S.A.S.,2021,12702285.36,10165549.55,1.22,2.05,8426024.05
8,Castro-Flórez S.A.S.,2019,12248523.45,15118126.2,2.38,2.1,-1775795.84
9,Garcés-Buitrago S.A.S.,2019,39522714.08,3049178.46,2.13,1.05,-2256413.03
10,Portilla-Palacios S.A.S.,2021,61054298.23,1935855.64,2.9,1.5,8303260.79
11,Gómez-Cardozo S.A.S.,2021,53983982.32,3665797.55,1.6,2.17,6975346.18
12,Mosquera-Medina S.A.S.,2019,36911397.66,6171110.45,0.79,1.88,3528304.86
13,González Inc S.A.S.,2020,25993126.7,638433.95,1.78,1.11,6755967.31
14,"Reyes, Álvarez and Hernández S.A.S.",2020,62119284.59,15868584.0,2.83,2.0,3562330.12
15,"Buitrago, García and García S.A.S.",2019,69989931.08,9412712.76,1.22,0.33,5663488.89
16,Rodríguez-Martínez S.A.S.,2021,6094674.84,12178725.07,2.85,2.16,-2514199.66
17,"García, Castro and Rendón S.A.S.",2019,51637824.51,15053675.64,2.48,0.72,4996523.95
18,"Gómez, Sanabria and Pulido S.A.S.",2022,63046310.74,7225096.12,0.67,0.79,-1104638.71
19,"Reyes, Álvarez and Hernández S.A.S.",2021,41848635.63,13682846.66,2.71,1.11,485830.97
20,"Galvis, Ramírez and Angarita S.A.S.",2020,32855973.25,9363947.36,2.62,0.63,4653286.98
21,Posada-Peña S.A.S.,2022,82018753.68,19444061.38,1.81,2.36,-225118.71
22,Oviedo-Domínguez S.A.S.,2020,69634041.57,13890439.44,2.66,2.39,-108194.74
23,Garcés-Buitrago S.A.S.,2020,37045647.91,18649821.34,2.42,0.63,6620688.24
24,Posada-Peña S.A.S.,2020,25320668.77,16329405.05,1.47,0.49,-2932258.13
25,Vargas-Álvarez S.A.S.,2019,42251326.76,18662273.16,1.51,1.23,-1799783.1
26,"Pacheco, Velandia and Ávila S.A.S.",2019,75273383.29,16470334.08,2.93,1.54,8799755.5
27,"Palacios, Becerra and Rodríguez S.A.S.",2020,9863624.84,13972011.87,1.06,2.08,-4476729.67
28,González Inc S.A.S.,2023,35261434.52,6333257.62,1.67,2.04,8319732.5
29,Rodríguez-Martínez S.A.S.,2023,76611998.21,10425526.36,1.38,2.41,-1673063.11
30,Mosquera-Medina S.A.S.,2021,54954149.68,12219736.62,1.37,1.56,4916241.63
31,Vargas-Álvarez S.A.S.,2022,70726593.18,14968320.16,2.57,0.6,9431330.41
32,"Palacios, Becerra and Rodríguez S.A.S.",2023,90917895.62,3218868.26,1.41,0.38,8088150.18
33,Muñoz LLC S.A.S.,2022,5741224.68,16511223.35,0.66,1.78,-789604.64
34,Durán-Bernal S.A.S.,2022,84146556.98,9798051.02,0.95,0.18,-1761616.78
35,"Pacheco, Velandia and Ávila S.A.S.",2021,43365691.31,9349608.55,2.38,0.36,-4088606.44
36,Rodríguez-Martínez S.A.S.,2023,22437022.01,13336893.73,2.5,1.49,-1793677.07
37,"Galvis, Ramírez and Angarita S.A.S.",2020,28138978.89,15925611.91,1.91,1.87,2994766.65
38,Reyes-Zambrano S.A.S.,2022,86903004.31,6006629.11,1.19,2.29,-474754.71
39,"Gómez, Sanabria and Pulido S.A.S.",2020,63187795.95,19205263.04,2.67,2.22,-1981346.14
40,Durán-Bernal S.A.S.,2021,92544626.49,17394210.84,0.97,2.48,-142242.02
41,"Buitrago, García and García S.A.S.",2021,21077496.68,16970974.54,2.32,2.05,1683650.09
42,"Pacheco, Velandia and Ávila S.A.S.",2022,21884892.84,5615324.0,1.46,1.64,4615122.96
43,Ramírez LLC S.A.S.,2019,49431603.12,12847575.67,1.8,2.32,150227.55
44,González Inc S.A.S.,2022,91528314.22,18897930.56,1.74,0.33,9612983.65
45,Rodríguez-Martínez S.A.S.,2019,35975153.75,15577577.6,1.32,0.38,6194418.72
46,Mosquera-Medina S.A.S.,2020,10122598.34,17653677.7,2.28,1.82,1492936.14
47,Oviedo-Domínguez S.A.S.,2021,25490346.56,19242564.19,2.47,1.39,-3077695.19
48,Ramírez LLC S.A.S.,2020,19134138.03,13825698.05,2.36,2.25,-2330794.67
49,González Inc S.A.S.,2021,99491188.47,6475071.94,0.92,0.8,7541670.81
50,Gómez-Cardozo S.A.S.,2019,97284772.57,5822980.66,1.7,0.43,-4405796.21
51,Gómez-Cardozo S.A.S.,2023,85641722.14,4979454.17,2.49,1.6,8370694.65
52,"Pacheco, Velandia and Ávila S.A.S.",2022,62243357.72,19693796.21,1.47,0.24,-2265189.33
53,Vargas-Álvarez S.A.S.,2019,70238757.43,17514041.96,0.62,1.08,1466242.78
54,Oviedo-Domínguez S.A.S.,2019,17495499.24,10266512.57,0.87,0.44,-1933274.28
55,Posada-Peña S.A.S.,2021,63933525.81,3403859.11,2.32,1.48,-4845401.97
56,Gómez-Cardozo S.A.S.,2020,82038213.01,10610604.71,1.69,1.25,9886248.16
57,"García, Castro and Rendón S.A.S.",2021,7059281.79,4414938.02,0.75,1.22,5506105.26
58,Jaimes-Quintero S.A.S.,2023,8624195.14,2812100.92,2.45,2.48,9396071.91
59,"Gómez, Sanabria and Pulido S.A.S.",2022,62668255.58,6868791.51,2.91,2.11,-3707198.39
60,Muñoz LLC S.A.S.,2023,96585455.96,19478684.13,1.52,1.54,-2604643.93
61,Oviedo-Domínguez S.A.S.,2019,74931865.46,8139924.79,1.24,2.25,3400527.95
62,Ramírez LLC S.A.S.,2023,62241491.24,7739528.39,1.71,0.8,984825.36
63,Rodríguez-Martínez S.A.S.,2021,53423062.51,3932751.94,1.87,1.65,4830162.93
64,González Inc S.A.S.,2020,60171031.21,6771135.69,2.06,1.11,6031646.95
65,González Inc S.A.S.,2022,11786359.73,17584662.04,0.63,1.9,-2662692.95
66,Vargas-Álvarez S.A.S.,2019,87651733.61,6922748.07,0.67,1.5,8738686.75
67,Garcés-Buitrago S.A.S.,2022,32590921.51,12564528.95,2.42,2.09,5144524.34
68,Flórez Ltd S.A.S.,2023,84661001.85,5627491.65,1.92,0.86,5760416.14
69,"Reyes, Álvarez and Hernández S.A.S.",2021,97605228.12,16815310.46,2.54,1.09,2359684.56
70,"Gómez, Sanabria and Pulido S.A.S.",2023,87945571.6,17363093.31,0.76,1.83,3935940.61
71,Ramírez LLC S.A.S.,2019,94950870.42,19733960.07,0.58,2.21,-1296361.13
72,Vargas-Álvarez S.A.S.,2023,39040935.95,10450521.74,2.5,1.17,1731228.42
73,"Buitrago, García and García S.A.S.",2021,57784669.04,3788499.99,2.17,1.96,-3057063.47
74,González Inc S.A.S.,2023,20089547.53,17642517.39,2.3,0.89,6287864.93
75,Portilla-Palacios S.A.S.,2019,87881336.07,17277429.35,2.12,1.87,323592.43
76,Portilla-Palacios S.A.S.,2019,87615232.6,3374051.03,0.88,0.27,1295327.45
77,"García, Castro and Rendón S.A.S.",2020,9418236.62,1608646.5,2.33,0.63,3698375.28
78,"Reyes, Álvarez and Hernández S.A.S.",2023,49830355.5,17862268.81,2.38,0.66,-2003185.39
79,Rodríguez-Martínez S.A.S.,2020,69571434.28,2307742.15,2.0,0.4,9336784.96
80,Garcés-Buitrago S.A.S.,2019,33026746.85,12968524.11,2.78,1.59,7842230.07
81,Garcés-Buitrago S.A.S.,2022,35173802.74,19010889.83,0.61,0.79,4344083.11
82,González Inc S.A.S.,2021,75805341.98,15145865.81,1.39,0.38,-1803898.52
83,Rodríguez-Martínez S.A.S.,2023,68848138.84,1707907.32,0.74,0.95,390763.02
84,Ramírez LLC S.A.S.,2019,9450476.68,10362583.6,1.52,1.5,2584432.25
85,"Galvis, Ramírez and Angarita S.A.S.",2023,1259146.31,2858868.94,2.82,1.17,8752780.36
86,"Reyes, Álvarez and Hernández S.A.S.",2019,77671819.98,435898.88,1.71,1.07,-4426141.77
87,Portilla-Palacios S.A.S.,2019,17756768.25,12715520.68,1.85,1.69,-1839742.26
88,Jaimes-Quintero S.A.S.,2022,29553103.4,19030517.07,0.52,0.22,8414665.73
89,"Galvis, Ramírez and Angarita S.A.S.",2022,38072317.39,15228689.67,2.83,1.77,8000510.92
90,Gómez-Cardozo S.A.S.,2022,77809880.0,7236472.98,2.71,1.0,-4926760.53
91,"Pacheco, Velandia and Ávila S.A.S.",2023,44985448.24,6603567.4,2.17,2.15,-2683799.45
92,Ramírez LLC S.A.S.,2020,42329044.31,2173343.37,1.75,0.29,4236629.89
93,Muñoz LLC S.A.S.,2020,16474709.86,10425245.46,2.47,1.75,9978784.8
94,Gil-Salazar S.A.S.,2023,9419573.41,3754017.34,2.24,1.21,5647313.74
95,Gómez-Cardozo S.A.S.,2020,69894178.58,3835662.42,2.76,0.99,9494147.17
96,Gil-Salazar S.A.S.,2021,88524169.02,10739747.4,1.82,1.82,1358690.83
97,Rodríguez-Martínez S.A.S.,2023,86685463.94,18398842.97,1.48,1.11,9374915.41
98,Oviedo-Domínguez S.A.S.,2020,30107141.12,9344782.19,2.19,0.59,5683471.78
99,"Galvis, Ramírez and Angarita S.A.S.",2022,83703261.17,13059474.17,2.54,2.29,2173723.11
100,Mosquera-Medina S.A.S.,2023,40700745.22,390871.05,1.51,0.56,5615687.3
101,Ramírez LLC S.A.S.,2021,67082084.88,8486679.88,0.77,1.9,5461573.13
102,Durán-Bernal S.A.S.,2019,19498973.68,2191103.75,2.52,1.14,428585.87
103,"Reyes, Álvarez and Hernández S.A.S.",2022,72286168.9,12929368.7,1.81,1.92,-2302266.0
104,Gil-Salazar S.A.S.,2020,41779934.77,11610462.72,2.89,1.95,4252773.66
105,"Reyes, Álvarez and Hernández S.A.S.",2023,32661793.91,12576720.75,1.1,1.99,-1209179.19
106,"Pacheco, Velandia and Ávila S.A.S.",2020,36652727.75,12042746.31,2.35,0.49,-2040432.33
107,"Pacheco, Velandia and Ávila S.A.S.",2022,13515335.2,9646956.84,2.15,0.78,7765966.85
108,Oviedo-Domínguez S.A.S.,2021,95449510.26,1258593.37,1.6,1.78,604817.41
109,Calderón and Sons S.A.S.,2019,19492842.71,9736730.2,1.06,1.82,6837074.36
110,Reyes-Zambrano S.A.S.,2019,60371022.53,10850828.51,1.23,0.61,7400126.78
111,Rodríguez-Martínez S.A.S.,2021,32112173.6,2365727.57,1.66,0.79,-4561482.97
112,"Palacios, Becerra and Rodríguez S.A.S.",2021,8892580.93,4350985.34,2.93,0.69,4469277.04
113,Posada-Peña S.A.S.,2021,13318374.24,9016275.82,2.0,1.48,5007458.71
114,"Galvis, Ramírez and Angarita S.A.S.",2020,54517940.84,9463646.36,0.61,0.31,4928232.08
115,"Reyes, Álvarez and Hernández S.A.S.",2019,68967996.94,19165847.14,2.49,2.2,650595.35
116,Gómez-Cardozo S.A.S.,2023,30943202.74,8215925.96,2.79,0.49,6277049.5
117,Mosquera-Medina S.A.S.,2020,46678507.65,6819703.88,0.97,0.24,-1035443.28
118,Flórez Ltd S.A.S.,2019,90086048.95,3631938.55,1.12,2.03,3363895.56
119,Durán-Bernal S.A.S.,2022,77277532.53,19382844.37,0.74,0.81,1061902.86
120,Mosquera-Medina S.A.S.,2020,57402516.86,8024046.22,1.16,0.4,1527965.56
121,Reyes-Zambrano S.A.S.,2020,9529412.11,6824402.94,0.76,0.98,2198680.31
122,Calderón and Sons S.A.S.,2020,20306553.26,9843963.58,2.74,0.43,6011357.76
123,Muñoz LLC S.A.S.,2022,25865738.88,17835378.04,0.76,1.25,1011138.1
124,Rodríguez-Martínez S.A.S.,2019,47805252.33,16329143.46,1.58,0.85,-1441993.8
125,Castro-Flórez S.A.S.,2022,27087264.81,5894669.84,2.66,1.61,1558284.15
126,Posada-Peña S.A.S.,2022,99408675.82,9650005.49,2.96,1.02,1839295.62
127,Portilla-Palacios S.A.S.,2019,25750993.24,17699472.67,1.01,1.96,1967779.1
128,"Galvis, Ramírez and Angarita S.A.S.",2022,92439371.68,6404122.21,2.86,0.26,-3848334.07
129,Flórez Ltd S.A.S.,2019,98440842.36,4476959.74,2.15,0.43,2990485.49
130,Gómez-Cardozo S.A.S.,2019,44115076.23,11689227.01,1.69,1.02,-1856167.51
131,"Pacheco, Velandia and Ávila S.A.S.",2019,14948900.52,9338989.92,1.16,0.86,-243218.53
132,Calderón and Sons S.A.S.,2019,60257319.85,8376605.84,2.39,1.04,50432.81
133,"Buitrago, García and García S.A.S.",2019,11727537.93,7292698.86,2.95,0.54,9616325.27
134,Posada-Peña S.A.S.,2019,28659775.11,17009916.9,1.1,0.87,2278879.5
135,Ramírez LLC S.A.S.,2020,67807866.81,14106490.68,2.46,1.0,-3090596.28
136,Rodríguez-Martínez S.A.S.,2022,52947428.59,9450298.56,1.65,1.77,-4385003.07
137,Mosquera-Medina S.A.S.,2019,63124216.98,7347887.79,0.95,1.73,4247344.03
138,Jaimes-Quintero S.A.S.,2022,93321209.02,12723522.07,1.21,1.45,3364338.2
139,"Galvis, Ramírez and Angarita S.A.S.",2022,79787838.75,13946834.34,2.29,1.22,8938111.27
140,"Galvis, Ramírez and Angarita S.A.S.",2023,45293430.51,8658149.92,2.56,1.79,4227185.97
141,González Inc S.A.S.,2022,98817272.06,18207148.27,1.56,0.46,-4280085.28
142,"Gómez, Sanabria and Pulido S.A.S.",2021,63146171.49,17572658.49,1.55,1.49,-3397789.23
143,Flórez Ltd S.A.S.,2022,28421226.11,15822754.78,1.54,0.47,2147471.14
144,Ramírez LLC S.A.S.,2020,68970762.79,13390713.02,1.57,1.36,3025634.37
145,Castro-Flórez S.A.S.,2022,37337897.87,3620145.94,0.76,1.29,6147526.22
146,"Gómez, Sanabria and Pulido S.A.S.",2021,73207934.2,10988307.46,0.71,2.33,4411848.86
147,Reyes-Zambrano S.A.S.,2021,87128421.55,9045090.53,2.35,1.04,-1585139.39
148,"Galvis, Ramírez and Angarita S.A.S.",2021,45181642.45,9203729.29,1.86,1.42,4696309.26
149,Muñoz LLC S.A.S.,2021,68489506.37,13509862.19,2.86,0.12,6339826.37
150,Flórez Ltd S.A.S.,2021,61206680.84,18540621.67,1.92,0.85,7241910.26
151,Posada-Peña S.A.S.,2019,57766324.98,12910163.76,1.03,0.83,4971336.64
152,Castro-Flórez S.A.S.,2019,85750488.64,10477388.08,1.66,1.96,3173156.89
153,Oviedo-Domínguez S.A.S.,2023,22159564.27,11382142.44,1.76,2.31,-950324.35
154,Muñoz LLC S.A.S.,2021,28826551.68,18103717.86,0.55,0.97,7136734.78
155,Jaimes-Quintero S.A.S.,2020,20677559.84,7501057.71,2.23,1.41,-2482518.83
156,Muñoz LLC S.A.S.,2020,41412627.65,6312922.52,2.64,1.48,1354374.97
157,Reyes-Zambrano S.A.S.,2022,13593262.32,2651309.35,2.92,0.1,2838915.87
158,Muñoz LLC S.A.S.,2019,19880396.55,5630623.26,1.82,0.54,517944.4
159,Jaimes-Quintero S.A.S.,2021,65049922.03,13180195.97,2.77,1.94,2903291.68
160,"García, Castro and Rendón S.A.S.",2019,86583167.46,6759438.47,2.0,0.14,-1492907.75
161,Mosquera-Medina S.A.S.,2021,97081203.02,12441646.53,1.38,1.48,9587944.77
162,"Galvis, Ramírez and Angarita S.A.S.",2020,53170021.86,18273422.72,0.67,0.87,-2363623.63
163,Rodríguez-Martínez S.A.S.,2022,71724271.07,13283408.83,1.38,2.22,4875082.76
164,"Galvis, Ramírez and Angarita S.A.S.",2023,26745187.66,12204188.13,1.07,1.16,-3851168.99
165,"Reyes, Álvarez and Hernández S.A.S.",2022,7520478.99,3004450.47,0.71,2.41,-1907083.12
166,Flórez Ltd S.A.S.,2022,71716751.22,16250965.87,1.98,1.43,-2925899.24
167,Durán-Bernal S.A.S.,2023,29972215.69,2838240.57,1.14,0.61,7329925.85
168,González Inc S.A.S.,2021,56452891.2,16198457.05,2.12,2.09,-4305465.45
169,Jaimes-Quintero S.A.S.,2019,74305458.74,14122609.64,1.66,0.44,9080429.07
170,Calderón and Sons S.A.S.,2023,6744515.55,15409608.92,1.52,2.01,-3137832.0
171,Posada-Peña S.A.S.,2022,23440944.07,3627462.92,1.5,1.33,5066818.3
172,González Inc S.A.S.,2021,19288516.26,2608403.98,0.65,1.74,-165357.18
173,Portilla-Palacios S.A.S.,2020,29864123.4,6320566.43,2.89,2.05,419656.41
174,Garcés-Buitrago S.A.S.,2022,31159737.03,1367317.1,2.16,0.67,-2433827.39
175,Muñoz LLC S.A.S.,2019,69166066.07,11171513.9,1.0,1.25,7347732.62
176,"García, Castro and Rendón S.A.S.",2019,5762201.66,9334501.03,1.72,1.81,-1173657.06
177,Reyes-Zambrano S.A.S.,2023,88915721.1,3180005.77,2.18,1.94,7884843.22
178,"Gómez, Sanabria and Pulido S.A.S.",2022,23000638.61,11283981.53,0.73,2.1,2169112.14
179,Ramírez LLC S.A.S.,2020,29966327.74,10428664.08,1.32,2.0,1184651.2
180,Reyes-Zambrano S.A.S.,2020,43578867.84,13013675.18,2.65,0.65,5782919.36
181,Reyes-Zambrano S.A.S.,2020,79532697.49,16383968.32,2.33,0.82,7280570.39
182,Garcés-Buitrago S.A.S.,2023,60511513.69,4169565.69,1.48,2.41,2272881.87
183,Castro-Flórez S.A.S.,2023,49505383.15,11361867.66,2.65,0.14,2664799.5
184,Flórez Ltd S.A.S.,2021,90394967.29,17680755.66,2.91,2.47,6068623.57
185,"Galvis, Ramírez and Angarita S.A.S.",2022,43030054.18,3849959.7,2.02,1.81,-4369431.95
186,Portilla-Palacios S.A.S.,2021,26994188.61,10812423.3,1.28,2.42,9626366.04
187,González Inc S.A.S.,2023,6679332.75,2858311.3,0.9,1.71,7402093.82
188,"García, Castro and Rendón S.A.S.",2023,34956715.3,15925705.7,0.98,0.4,5059877.42
189,Calderón and Sons S.A.S.,2022,59688040.18,11789539.43,0.6,1.23,2635226.64
190,Castro-Flórez S.A.S.,2021,90349960.86,9209460.53,2.98,1.2,-911439.38
191,Portilla-Palacios S.A.S.,2019,20774301.94,16145766.05,1.44,2.35,9608510.33
192,Ramírez LLC S.A.S.,2019,26329118.69,15057076.75,2.81,0.88,6381520.83
193,Posada-Peña S.A.S.,2020,68216462.62,17064908.93,2.38,1.24,-4683831.48
194,Oviedo-Domínguez S.A.S.,2020,37156771.38,3291405.64,1.41,0.15,4393843.03
195,"Galvis, Ramírez and Angarita S.A.S.",2019,41794690.98,13293770.3,1.8,0.25,8460299.26
196,"Reyes, Álvarez and Hernández S.A.S.",2020,36076005.27,8533072.63,2.05,1.51,550918.79
197,Ramírez LLC S.A.S.,2020,19425667.11,4486164.45,2.7,1.02,200164.8
198,"Reyes, Álvarez and Hernández S.A.S.",2020,47279789.14,14932420.41,1.88,1.77,7851063.43
199,Gil-Salazar S.A.S.,2021,33730535.43,924730.19,0.88,0.34,8382535.49
200,Portilla-Palacios S.A.S.,2023,15330494.6,5901743.51,2.11,0.29,-3243742.17
201,Castro-Flórez S.A.S.,2023,5220495.06,7797048.86,2.84,0.6,-4173535.89
202,"Gómez, Sanabria and Pulido S.A.S.",2023,64085194.68,18420796.03,1.49,1.09,8337104.4
203,Castro-Flórez S.A.S.,2020,84219172.92,14015444.51,0.86,2.49,6872222.92
204,Portilla-Palacios S.A.S.,2020,59904274.87,13206687.52,1.93,2.09,4573319.26
205,Durán-Bernal S.A.S.,2023,14518681.07,12841644.02,1.0,1.63,9213935.1
206,Gil-Salazar S.A.S.,2023,3153770.77,757901.75,1.6,2.02,6801916.02
207,Mosquera-Medina S.A.S.,2019,21062209.98,16276361.97,0.94,0.45,3130869.89
208,Oviedo-Domínguez S.A.S.,2020,1681354.49,3480308.45,2.41,2.34,7718135.74
209,Flórez Ltd S.A.S.,2020,99224907.54,12181708.16,1.01,1.14,1466325.79
210,Reyes-Zambrano S.A.S.,2020,31614294.95,16131605.82,1.34,1.09,8031253.83
211,Gómez-Cardozo S.A.S.,2023,27338302.92,19790980.1,1.99,2.47,-340841.54
212,Gómez-Cardozo S.A.S.,2019,85187429.74,5226223.55,0.69,0.58,-736931.63
213,"Pacheco, Velandia and Ávila S.A.S.",2022,29596795.31,15629621.31,0.77,0.26,4327066.59
214,Jaimes-Quintero S.A.S.,2020,15355996.09,1637549.01,0.92,0.72,774276.07
215,Durán-Bernal S.A.S.,2019,37037192.4,14606494.87,2.41,1.97,8476859.68
216,"Pacheco, Velandia and Ávila S.A.S.",2023,88370276.33,7123319.09,2.99,0.59,-4407555.09
217,Posada-Peña S.A.S.,2023,59104604.22,6268972.37,1.32,0.78,-1352821.9
218,"Gómez, Sanabria and Pulido S.A.S.",2023,79911852.47,5611709.86,0.94,1.45,-3352251.88
219,Vargas-Álvarez S.A.S.,2019,20861522.41,7831781.36,2.2,1.11,6599641.82
220,Portilla-Palacios S.A.S.,2019,44243033.16,13043746.34,1.18,1.83,8693398.46
221,Durán-Bernal S.A.S.,2021,68178879.36,17913896.51,1.24,1.09,661628.37
222,"Buitrago, García and García S.A.S.",2023,84027751.12,11871636.55,1.53,1.23,5104359.2
223,Jaimes-Quintero S.A.S.,2021,57972217.5,9700980.6,2.54,2.01,3078358.56
224,"Galvis, Ramírez and Angarita S.A.S.",2021,55156995.34,17403437.92,1.45,0.93,8218396.53
225,Muñoz LLC S.A.S.,2021,98425990.4,15563393.82,2.27,1.77,-2765312.78
226,Garcés-Buitrago S.A.S.,2022,84000981.94,19768043.16,1.56,1.09,6284267.41
227,Oviedo-Domínguez S.A.S.,2020,33362933.42,6217425.66,1.85,0.19,-4892238.75
228,Oviedo-Domínguez S.A.S.,2020,12366467.31,19189481.72,2.55,1.34,4914357.95
229,Vargas-Álvarez S.A.S.,2022,33991871.35,817219.56,0.72,2.1,2676857.31
230,"García, Castro and Rendón S.A.S.",2023,63150377.9,1006215.82,2.31,0.18,104078.86
231,Gil-Salazar S.A.S.,2021,12798045.95,3665515.7,2.26,1.38,7301390.45
232,Reyes-Zambrano S.A.S.,2019,14511256.36,3411806.01,0.68,2.22,8827910.88
233,Oviedo-Domínguez S.A.S.,2023,92714397.71,5954607.55,1.82,2.22,1677794.4
234,Oviedo-Domínguez S.A.S.,2019,42740972.57,12261512.33,1.44,0.81,-4031662.0
235,Castro-Flórez S.A.S.,2022,81954679.26,13450956.25,2.35,0.95,4173238.4
236,Gómez-Cardozo S.A.S.,2020,62578995.86,5683232.22,2.71,0.81,8617950.66
237,"García, Castro and Rendón S.A.S.",2020,41551677.32,1864169.05,1.88,1.64,7596335.41
238,Castro-Flórez S.A.S.,2019,6125448.35,952885.58,2.13,1.69,5512506.14
239,Posada-Peña S.A.S.,2023,34956416.43,4592066.34,1.25,0.45,7452836.63
240,Castro-Flórez S.A.S.,2021,72897801.92,260663.63,2.06,0.59,-3117731.18
241,"Gómez, Sanabria and Pulido S.A.S.",2023,98714644.31,4304458.19,2.17,1.88,-1339741.12
242,"Buitrago, García and García S.A.S.",2021,9737161.94,4305586.23,0.51,0.52,5648056.14
243,"Galvis, Ramírez and Angarita S.A.S.",2022,41995323.55,2653099.93,1.86,0.24,7048307.96
244,Calderón and Sons S.A.S.,2020,34206187.23,7491396.24,0.6,1.26,4746346.49
245,Garcés-Buitrago S.A.S.,2021,29482846.89,8296659.74,2.52,0.24,9719434.55
246,"Pacheco, Velandia and Ávila S.A.S.",2021,61691947.13,12232163.87,1.86,0.52,8774898.03
247,Mosquera-Medina S.A.S.,2022,15823973.45,17307383.65,0.99,1.03,214402.58
248,Mosquera-Medina S.A.S.,2020,30579427.5,135874.7,1.84,0.82,3254804.79
249,Flórez Ltd S.A.S.,2020,1100147.87,9097999.65,2.4,0.72,-4103121.78
250,Mosquera-Medina S.A.S.,2019,86590862.71,1297929.65,0.87,0.19,8363080.74
251,"Buitrago, García and García S.A.S.",2022,22383656.74,6954424.58,1.29,1.46,9212506.49
252,González Inc S.A.S.,2020,17086659.78,10830715.55,1.07,1.63,-794704.8
253,"García, Castro and Rendón S.A.S.",2021,7393271.48,9203915.85,1.1,1.47,9700079.39
254,Vargas-Álvarez S.A.S.,2019,32215308.57,5970238.75,2.26,1.52,-4178692.31
255,"Gómez, Sanabria and Pulido S.A.S.",2019,15645199.89,19539007.08,1.56,2.32,9256263.94
256,Durán-Bernal S.A.S.,2022,81594584.04,695236.75,2.52,0.12,3763613.05
257,Jaimes-Quintero S.A.S.,2020,24268342.85,432706.67,2.54,0.67,7113289.27
258,"Galvis, Ramírez and Angarita S.A.S.",2022,78175704.35,13823723.2,2.44,0.17,3645068.25
259,Ramírez LLC S.A.S.,2023,77286088.59,4922237.6,1.1,0.3,-3073268.1
260,Castro-Flórez S.A.S.,2021,63966801.29,3716052.75,1.41,1.79,6087309.08
261,Reyes-Zambrano S.A.S.,2022,69342450.53,12631412.42,2.17,0.73,6055094.83
262,Gómez-Cardozo S.A.S.,2020,28495252.11,8681357.82,2.84,2.21,-2365669.42
263,Rodríguez-Martínez S.A.S.,2022,68264113.99,15284106.26,1.39,0.86,1072626.0
264,González Inc S.A.S.,2020,66932989.4,11510519.68,1.86,0.82,4907101.1
265,"García, Castro and Rendón S.A.S.",2023,79152768.94,10349562.3,0.87,0.83,8404733.84
266,Gómez-Cardozo S.A.S.,2020,19764957.59,16068674.34,1.5,1.42,5056457.27
267,Gómez-Cardozo S.A.S.,2020,42847214.55,8947161.99,1.29,2.44,-2272029.27
268,"Buitrago, García and García S.A.S.",2023,53844357.73,13906133.39,1.23,1.06,4036550.73
269,Gil-Salazar S.A.S.,2023,39867627.11,9882904.83,1.93,1.67,3963335.52
270,Ramírez LLC S.A.S.,2023,87609934.94,12899064.0,2.95,1.09,-1165261.2
271,"Reyes, Álvarez and Hernández S.A.S.",2019,35418430.49,7785966.65,2.47,2.31,-2545152.01
272,Flórez Ltd S.A.S.,2022,85668798.08,18631408.94,2.38,0.5,2212551.42
273,"Reyes, Álvarez and Hernández S.A.S.",2020,7267951.86,18352286.34,0.97,1.85,3701086.22
274,Muñoz LLC S.A.S.,2020,63996094.41,2040760.43,1.17,1.24,3138087.24
275,Gómez-Cardozo S.A.S.,2022,42231579.79,16173042.82,2.16,0.3,976415.7
276,Gil-Salazar S.A.S.,2019,87885639.81,6442851.75,2.53,0.38,-768602.6
277,Posada-Peña S.A.S.,2023,93340603.29,111768.69,2.97,2.24,6877676.94
278,Ramírez LLC S.A.S.,2019,20963152.42,8433852.84,1.86,1.3,2626475.63
279,"Reyes, Álvarez and Hernández S.A.S.",2022,83053657.42,19574062.24,1.33,1.92,261637.38
280,"Galvis, Ramírez and Angarita S.A.S.",2020,17345989.18,18683718.12,1.29,1.89,-4115288.33
281,"Palacios, Becerra and Rodríguez S.A.S.",2021,41140241.88,2946325.63,2.03,0.55,9670335.41
282,Garcés-Buitrago S.A.S.,2021,1540233.75,11851711.2,2.74,1.41,-3779090.47
283,"García, Castro and Rendón S.A.S.",2022,76317520.86,10111513.36,0.53,1.18,9326261.13
284,González Inc S.A.S.,2019,99938112.97,15384361.94,1.55,1.96,4803217.59
285,"Gómez, Sanabria and Pulido S.A.S.",2019,1293139.18,8298169.59,2.11,0.99,8561115.46
286,Oviedo-Domínguez S.A.S.,2020,78752706.29,371547.2,2.58,2.16,7559596.83
287,Gómez-Cardozo S.A.S.,2022,25010362.95,7244796.25,2.4,2.0,4480848.6
288,Calderón and Sons S.A.S.,2023,56490511.05,7331031.31,2.41,0.7,597437.78
289,Ramírez LLC S.A.S.,2023,61666084.09,6760965.18,0.82,0.52,6970713.76
290,Durán-Bernal S.A.S.,2020,17661655.12,13215199.73,1.27,1.54,9035141.31
291,Jaimes-Quintero S.A.S.,2022,6150215.73,15268704.15,2.02,1.48,4029427.44
292,Muñoz LLC S.A.S.,2021,31873000.31,11874577.9,1.38,0.3,-582935.79
293,"Buitrago, García and García S.A.S.",2021,18508059.15,4122974.74,0.52,1.55,490098.46
294,Calderón and Sons S.A.S.,2023,16157313.61,8532449.45,2.67,0.31,-857677.69
295,Vargas-Álvarez S.A.S.,2023,61668563.32,3406955.66,2.45,1.25,1617381.5
296,Ramírez LLC S.A.S.,2023,2202206.07,6234236.76,1.92,0.52,729343.01
297,Castro-Flórez S.A.S.,2020,42707695.96,16288581.71,0.66,1.03,-485994.44
298,Vargas-Álvarez S.A.S.,2020,89524838.93,7987197.96,0.88,0.52,7578126.06
299,Flórez Ltd S.A.S.,2022,5328024.5,5242775.07,1.7,0.36,-4779930.35
300,Ramírez LLC S.A.S.,2022,55228602.5,1770304.77,1.85,1.22,77076.61
301,Durán-Bernal S.A.S.,2023,41389970.74,13177685.59,1.41,2.28,4217990.32
302,"Galvis, Ramírez and Angarita S.A.S.",2021,24159947.6,10478827.76,0.7,2.49,8105376.2
303,"Palacios, Becerra and Rodríguez S.A.S.",2023,82868052.63,240369.69,2.59,0.47,4610021.43
304,Flórez Ltd S.A.S.,2019,89606619.62,18876398.86,2.22,2.41,9295716.5
305,Rodríguez-Martínez S.A.S.,2022,91177074.31,7367265.37,1.99,0.54,7037700.82
306,Castro-Flórez S.A.S.,2021,20339407.73,7697630.36,0.55,2.33,-2918127.14
307,Mosquera-Medina S.A.S.,2021,11318359.28,9669882.86,1.83,1.05,7594369.47
308,"Galvis, Ramírez and Angarita S.A.S.",2019,26737702.34,10211941.45,0.69,0.34,1243413.86
309,González Inc S.A.S.,2020,5934556.25,19915879.06,0.74,2.12,8974978.63
310,Muñoz LLC S.A.S.,2019,50885068.01,10440829.42,2.95,1.76,3803468.93
311,Garcés-Buitrago S.A.S.,2020,45092508.46,374164.64,2.95,2.41,9723970.64
312,Calderón and Sons S.A.S.,2023,2835899.42,17896049.87,2.85,1.83,3657657.88
313,Muñoz LLC S.A.S.,2022,59606243.14,6905875.15,1.15,1.77,-1175803.96
314,Ramírez LLC S.A.S.,2023,31452389.1,16893635.55,2.21,0.66,-3785186.81
315,"Buitrago, García and García S.A.S.",2023,7349347.87,11606877.38,2.26,1.63,487067.98
316,Durán-Bernal S.A.S.,2022,54394753.96,18127729.97,1.0,1.19,9441480.75
317,Gil-Salazar S.A.S.,2023,78335555.82,444764.13,2.79,1.13,6290256.54
318,Muñoz LLC S.A.S.,2019,83255793.6,16228144.19,0.89,1.45,-2617546.66
319,Mosquera-Medina S.A.S.,2021,54123468.33,1471063.14,1.5,2.06,5591001.26
320,Flórez Ltd S.A.S.,2022,35567954.0,10707221.29,0.58,2.4,333752.91
321,Reyes-Zambrano S.A.S.,2019,37510865.92,12840852.66,2.17,0.71,1978829.72
322,Jaimes-Quintero S.A.S.,2019,96202833.77,7636032.34,1.44,2.35,-2520219.29
323,Calderón and Sons S.A.S.,2022,66746144.22,12300193.66,0.93,0.93,4540754.98
324,Calderón and Sons S.A.S.,2022,70274249.33,4303960.87,2.62,1.76,8727350.05
325,Durán-Bernal S.A.S.,2020,86971674.83,19702862.49,2.78,0.43,-2542352.79
326,"Galvis, Ramírez and Angarita S.A.S.",2022,22580832.47,241749.56,2.7,1.33,-4912978.48
327,Durán-Bernal S.A.S.,2020,62461605.68,2418153.49,2.15,1.52,5582352.51
328,Rodríguez-Martínez S.A.S.,2020,36871281.8,4529124.3,0.97,1.75,-3500346.1
329,"Galvis, Ramírez and Angarita S.A.S.",2019,84369559.91,16252327.38,1.56,1.87,2982322.82
330,Gil-Salazar S.A.S.,2019,89803736.4,546214.86,1.23,0.9,8449281.74
331,Garcés-Buitrago S.A.S.,2022,88792988.32,5348052.86,2.47,1.92,9766789.2
332,Gómez-Cardozo S.A.S.,2019,65393000.47,1216292.15,2.09,0.31,6061421.28
333,Rodríguez-Martínez S.A.S.,2020,96139791.45,15978696.59,2.4,0.32,-2184363.21
334,"Palacios, Becerra and Rodríguez S.A.S.",2022,54686015.92,14184402.21,2.29,2.33,-3267333.53
335,Vargas-Álvarez S.A.S.,2021,33757635.41,13422363.63,1.94,2.05,8154797.92
336,Mosquera-Medina S.A.S.,2021,19034147.68,8183772.1,1.19,1.2,4864929.48
337,González Inc S.A.S.,2022,69258790.76,13710568.43,1.84,1.64,5349506.09
338,Garcés-Buitrago S.A.S.,2023,38253722.0,8738500.08,2.31,2.43,4565597.63
339,"Pacheco, Velandia and Ávila S.A.S.",2023,38922931.63,7856509.29,1.71,2.2,8173990.05
340,Posada-Peña S.A.S.,2020,6658761.82,1926261.06,1.38,0.14,6348754.53
341,Vargas-Álvarez S.A.S.,2022,17278285.56,17879840.13,1.5,0.79,-371664.85
342,Posada-Peña S.A.S.,2022,42293841.75,13210309.39,1.62,1.79,57450.59
343,Reyes-Zambrano S.A.S.,2020,98535921.33,15891150.67,1.95,0.14,9523739.91
344,"García, Castro and Rendón S.A.S.",2022,48414040.22,7069881.02,1.58,1.29,313610.46
345,Rodríguez-Martínez S.A.S.,2022,17288276.72,13217566.18,0.92,0.9,1239091.26
346,"Palacios, Becerra and Rodríguez S.A.S.",2021,48340955.11,9281056.24,1.6,0.71,371367.92
347,Calderón and Sons S.A.S.,2023,88205090.1,13677149.94,0.54,1.68,2758324.32
348,"Buitrago, García and García S.A.S.",2021,57050250.72,4621508.18,0.92,0.85,4708465.67
349,Ramírez LLC S.A.S.,2021,45546644.91,4374981.35,1.92,0.64,540072.32
350,"Gómez, Sanabria and Pulido S.A.S.",2022,37551016.32,9326665.74,2.39,0.88,-3459806.15
351,Reyes-Zambrano S.A.S.,2021,90694860.15,16247914.57,2.22,1.73,8780960.81
352,Gómez-Cardozo S.A.S.,2023,58590263.17,5086953.17,0.66,0.44,8504449.17
353,Vargas-Álvarez S.A.S.,2022,86204028.95,11340794.14,1.59,0.35,-1585545.07
354,Portilla-Palacios S.A.S.,2023,48015621.38,19935648.5,2.4,1.91,-1136276.15
355,Vargas-Álvarez S.A.S.,2020,51539352.69,4771828.08,2.09,1.63,280186.81
356,Garcés-Buitrago S.A.S.,2022,26029668.96,16457812.36,2.24,0.15,3369289.97
357,Vargas-Álvarez S.A.S.,2023,55661396.54,8901682.79,2.35,1.29,5020368.57
358,Durán-Bernal S.A.S.,2019,82554282.22,2108273.66,1.91,1.99,5648348.05
359,"Gómez, Sanabria and Pulido S.A.S.",2019,17432795.84,9622101.5,1.62,0.51,1862769.98
360,Gil-Salazar S.A.S.,2021,24846467.37,16381684.54,1.79,0.86,-4590307.04
361,Castro-Flórez S.A.S.,2021,48184706.59,6385083.32,0.64,0.47,-859304.96
362,Gil-Salazar S.A.S.,2022,59317331.3,10540486.54,2.79,0.15,5627156.48
363,"Galvis, Ramírez and Angarita S.A.S.",2022,11845172.48,11969640.44,1.22,0.51,8144849.21
364,Portilla-Palacios S.A.S.,2019,29695300.95,10149095.19,2.21,1.85,-1854006.03
365,Reyes-Zambrano S.A.S.,2021,88676298.02,15964347.95,1.1,0.68,-4284056.63
366,Vargas-Álvarez S.A.S.,2023,77001379.46,17127429.59,1.8,0.24,2504451.9
367,Jaimes-Quintero S.A.S.,2022,11770712.65,268653.99,0.71,1.68,102770.93
368,"Pacheco, Velandia and Ávila S.A.S.",2021,45789594.43,4443130.57,2.04,0.64,-4969419.41
369,Durán-Bernal S.A.S.,2023,17221686.81,6569814.79,0.88,0.92,9617332.1
370,"Reyes, Álvarez and Hernández S.A.S.",2021,16784004.12,8744883.93,1.04,1.12,747042.51
371,González Inc S.A.S.,2019,1194614.61,19177725.11,2.22,1.64,7541852.58
372,Muñoz LLC S.A.S.,2023,58569356.0,4097489.17,1.07,0.15,3534316.66
373,Garcés-Buitrago S.A.S.,2023,3479434.27,3827542.27,1.53,2.1,252271.41
374,Calderón and Sons S.A.S.,2021,58992480.42,13747302.64,1.14,0.71,6706549.07
375,Durán-Bernal S.A.S.,2023,15407618.34,1352676.48,1.44,2.27,-2809266.53
376,Castro-Flórez S.A.S.,2019,28440134.85,10564584.56,1.0,0.77,-2587154.06
377,"García, Castro and Rendón S.A.S.",2023,64710427.53,12582759.12,1.98,2.14,-459193.14
378,Jaimes-Quintero S.A.S.,2023,86419218.65,2515003.49,2.81,1.33,6135013.63
379,Flórez Ltd S.A.S.,2021,59894342.34,7840244.7,2.14,2.21,-3609372.41
380,Jaimes-Quintero S.A.S.,2020,56282206.64,16198967.26,1.62,2.03,2402521.5
381,Mosquera-Medina S.A.S.,2023,19867472.38,11632648.44,1.56,0.54,-620761.21
382,"Galvis, Ramírez and Angarita S.A.S.",2022,91925194.87,2310025.59,2.37,1.26,-3801114.25
383,Portilla-Palacios S.A.S.,2020,96090706.25,14777184.09,1.16,0.11,-2196669.97
384,González Inc S.A.S.,2023,32204310.28,11376861.88,1.5,2.29,-1144752.43
385,Ramírez LLC S.A.S.,2021,27270429.09,17731984.17,1.83,0.32,3629578.36
386,"Reyes, Álvarez and Hernández S.A.S.",2022,11148858.28,15232449.54,1.24,1.14,-1014312.8
387,Portilla-Palacios S.A.S.,2019,22405921.66,12134803.19,0.5,2.33,2957201.49
388,Castro-Flórez S.A.S.,2019,31600695.28,1909916.98,1.06,0.39,4583534.85
389,"Gómez, Sanabria and Pulido S.A.S.",2023,25894706.13,8564656.17,1.38,1.79,522044.06
390,Muñoz LLC S.A.S.,2021,16792531.54,2117004.05,2.31,0.61,-2334793.3
391,"Buitrago, García and García S.A.S.",2023,33702752.18,13218712.83,1.64,2.34,9110143.59
392,Garcés-Buitrago S.A.S.,2022,46708838.44,11250767.55,1.77,2.21,-3890953.59
393,"Galvis, Ramírez and Angarita S.A.S.",2019,11360290.68,19869425.77,1.4,1.94,5679109.54
394,Oviedo-Domínguez S.A.S.,2019,61400137.64,4370315.34,2.63,0.83,-4140677.9
395,Garcés-Buitrago S.A.S.,2021,3721890.79,10077463.73,2.73,1.37,607655.37
396,Durán-Bernal S.A.S.,2020,7644212.42,12272809.65,1.5,0.93,3240070.89
397,Oviedo-Domínguez S.A.S.,2021,71111988.11,832675.62,1.22,2.34,-2518361.8
398,Ramírez LLC S.A.S.,2020,22703739.29,9007843.11,1.78,1.97,5172168.52
399,Reyes-Zambrano S.A.S.,2020,33148992.59,15215920.56,1.88,1.72,1437244.26
400,"Pacheco, Velandia and Ávila S.A.S.",2023,82947597.18,5877890.55,0.7,1.73,687445.5
401,"Palacios, Becerra and Rodríguez S.A.S.",2022,76175405.85,14967362.7,1.63,0.9,-2924465.95
402,"Reyes, Álvarez and Hernández S.A.S.",2022,84263582.58,10180712.0,2.99,0.68,-1111820.24
403,Calderón and Sons S.A.S.,2023,37775965.82,15954134.71,2.05,0.28,-2025313.57
404,"Pacheco, Velandia and Ávila S.A.S.",2023,83770432.95,8506374.22,1.1,0.97,-632516.08
405,Rodríguez-Martínez S.A.S.,2021,68977492.62,4493581.93,0.56,2.38,9194002.93
406,Mosquera-Medina S.A.S.,2022,41670303.22,11746492.01,1.64,0.79,8546355.73
407,Mosquera-Medina S.A.S.,2022,83285049.05,16058445.38,1.03,0.99,5710085.52
408,Rodríguez-Martínez S.A.S.,2020,49084101.35,17080810.9,2.83,1.61,1138255.09
409,Ramírez LLC S.A.S.,2021,27580195.12,861414.34,2.78,0.21,1191580.82
410,Jaimes-Quintero S.A.S.,2019,82226145.67,4039003.63,2.47,0.31,3836231.97
411,"García, Castro and Rendón S.A.S.",2023,69100799.2,7447931.29,2.93,1.5,-2691524.52
412,"Reyes, Álvarez and Hernández S.A.S.",2022,56488726.03,7063679.68,0.97,1.76,2423286.48
413,"Gómez, Sanabria and Pulido S.A.S.",2021,96225043.22,13090210.38,0.69,1.68,7765244.37
414,"Reyes, Álvarez and Hernández S.A.S.",2019,67322112.73,7414994.17,2.46,2.22,6965535.47
415,"García, Castro and Rendón S.A.S.",2023,77533030.15,3295771.4,2.98,2.18,-498988.12
416,Gómez-Cardozo S.A.S.,2022,96528197.42,3236552.2,2.01,1.61,4840605.81
417,Muñoz LLC S.A.S.,2022,73874144.16,8057675.03,1.16,1.06,1790486.53
418,Oviedo-Domínguez S.A.S.,2023,18302235.44,10266334.7,1.71,0.99,4052063.98
419,Oviedo-Domínguez S.A.S.,2019,86300919.2,13042951.76,1.83,2.47,2395895.04
420,"Pacheco, Velandia and Ávila S.A.S.",2022,63108117.57,14600124.65,1.47,0.34,3669154.62
421,Rodríguez-Martínez S.A.S.,2021,79070992.96,9020603.63,1.49,2.03,-4323034.29
422,Calderón and Sons S.A.S.,2020,65223971.37,3307857.21,2.24,2.21,9054311.25
423,"Reyes, Álvarez and Hernández S.A.S.",2022,35862842.04,15535493.92,2.78,0.82,3468863.83
424,Muñoz LLC S.A.S.,2022,36784236.56,14418479.24,2.87,2.03,8843978.24
425,Reyes-Zambrano S.A.S.,2020,37539691.56,10651983.01,1.85,0.8,-4946783.53
426,Rodríguez-Martínez S.A.S.,2021,56643336.04,4850785.65,0.8,1.49,7384911.16
427,Oviedo-Domínguez S.A.S.,2023,76317885.02,3048446.54,2.41,1.03,-1394199.31
428,Reyes-Zambrano S.A.S.,2022,23356978.17,1745796.37,2.88,2.25,944020.94
429,"Pacheco, Velandia and Ávila S.A.S.",2021,3528843.43,19807578.61,1.34,0.32,-4486272.46
430,"Buitrago, García and García S.A.S.",2019,27091081.95,8879857.74,2.0,1.7,1478810.97
431,González Inc S.A.S.,2019,39942199.34,2114835.23,1.39,0.27,-4083324.06
432,Rodríguez-Martínez S.A.S.,2021,84183134.24,3549719.72,1.24,2.23,1035374.4
433,"Pacheco, Velandia and Ávila S.A.S.",2023,40533618.25,16371110.65,2.3,2.32,-2721534.86
434,Gómez-Cardozo S.A.S.,2022,2851736.59,7247497.1,2.43,1.79,6808141.24
435,Durán-Bernal S.A.S.,2023,9485747.35,5796017.58,2.32,0.98,8028857.67
436,"Galvis, Ramírez and Angarita S.A.S.",2023,11124523.4,6195534.2,2.66,0.38,7277983.55
437,"Pacheco, Velandia and Ávila S.A.S.",2020,26893836.76,8879964.24,1.36,1.34,7766927.1
438,"Buitrago, García and García S.A.S.",2019,82496018.35,5100290.93,1.64,2.26,6617178.84
439,Rodríguez-Martínez S.A.S.,2021,4571998.43,19064815.09,2.73,2.27,-4535418.32
440,González Inc S.A.S.,2021,21590457.18,17786862.68,1.02,0.38,-1560806.65
441,Portilla-Palacios S.A.S.,2022,96488407.87,19893096.34,2.77,0.28,-4120569.49
442,"Pacheco, Velandia and Ávila S.A.S.",2019,28407363.91,6903682.16,1.65,2.12,1332440.1
443,Ramírez LLC S.A.S.,2020,59023801.36,19370066.8,1.26,1.93,1640535.56
444,Portilla-Palacios S.A.S.,2021,16103459.61,15868432.94,1.61,0.8,9623070.03
445,Muñoz LLC S.A.S.,2022,40703628.54,1258849.3,0.6,1.79,-443750.56
446,Portilla-Palacios S.A.S.,2022,51445956.75,522261.69,2.9,1.54,-1532413.34
447,Gómez-Cardozo S.A.S.,2021,53214987.51,4096976.78,2.52,0.97,423556.57
448,"Buitrago, García and García S.A.S.",2020,31516206.95,16211941.92,1.88,1.75,2349987.0
449,"Galvis, Ramírez and Angarita S.A.S.",2022,62591316.16,3735174.48,1.19,2.14,8162341.42
450,"Reyes, Álvarez and Hernández S.A.S.",2023,10362507.05,5358870.96,1.87,1.72,-4334351.07
451,Reyes-Zambrano S.A.S.,2021,1791925.44,4664541.38,0.87,1.72,3288301.15
452,Durán-Bernal S.A.S.,2019,3366241.29,5293982.9,2.09,2.44,9611340.19
453,Gil-Salazar S.A.S.,2022,49603250.41,19840143.15,2.15,1.7,8244511.58
454,Muñoz LLC S.A.S.,2020,21042824.55,9701671.27,0.92,0.57,9753705.17
455,Mosquera-Medina S.A.S.,2022,59311437.74,652909.69,1.16,0.89,6807088.52
456,Oviedo-Domínguez S.A.S.,2020,90394810.49,17038882.13,1.34,1.27,5030815.14
457,Ramírez LLC S.A.S.,2021,13887672.06,10250215.06,1.79,1.57,1995948.69
458,Flórez Ltd S.A.S.,2021,60079735.69,1690106.57,0.91,1.45,-4290422.16
459,Garcés-Buitrago S.A.S.,2023,62242855.18,17997511.74,2.45,0.23,-890855.07
460,Rodríguez-Martínez S.A.S.,2020,70188229.83,4581843.75,2.71,2.34,-4356294.85
461,"Buitrago, García and García S.A.S.",2023,94134216.59,19216436.56,2.85,1.83,4760510.16
462,Vargas-Álvarez S.A.S.,2019,39138641.49,296842.5,2.24,0.97,-3259062.12
463,Jaimes-Quintero S.A.S.,2022,23741991.27,17556626.29,2.55,1.51,-296573.71
464,Muñoz LLC S.A.S.,2022,81481302.64,17964777.41,1.09,1.57,-2148259.54
465,Gil-Salazar S.A.S.,2021,36703810.69,12733988.63,1.31,0.59,-2874744.31
466,Garcés-Buitrago S.A.S.,2022,19658796.5,13908263.49,0.79,1.89,4734592.45
467,"Galvis, Ramírez and Angarita S.A.S.",2020,40323368.76,18089150.4,1.07,0.3,7401847.08
468,Posada-Peña S.A.S.,2020,66682805.27,8337115.91,2.85,0.69,6959283.32
469,Muñoz LLC S.A.S.,2022,47386305.43,9521688.53,2.51,0.88,4275008.02
470,Rodríguez-Martínez S.A.S.,2019,3683539.16,14015631.67,2.65,0.92,1862573.75
471,Gil-Salazar S.A.S.,2020,4697402.87,17316324.62,0.6,1.95,-2077921.08
472,Rodríguez-Martínez S.A.S.,2021,19606944.58,2148598.69,1.82,2.34,-4281560.66
473,Vargas-Álvarez S.A.S.,2021,47763462.17,5731904.84,1.94,0.21,-3388202.12
474,Garcés-Buitrago S.A.S.,2022,60149984.06,3445975.86,2.6,2.5,4480281.33
475,Vargas-Álvarez S.A.S.,2023,11571597.0,6829348.3,2.81,1.36,-2369766.16
476,Rodríguez-Martínez S.A.S.,2021,76712209.1,1829096.69,0.64,1.66,3398743.77
477,Muñoz LLC S.A.S.,2021,14775090.71,11546024.03,2.23,2.45,5085749.66
478,Flórez Ltd S.A.S.,2022,52954113.54,13391851.39,2.06,1.3,-355479.57
479,"Buitrago, García and García S.A.S.",2022,11591793.42,16024068.26,2.94,2.29,1811778.04
480,Posada-Peña S.A.S.,2020,15884951.29,7390689.84,1.95,0.63,-3753769.87
481,Portilla-Palacios S.A.S.,2023,52870318.12,8915526.56,2.96,0.39,-3620011.34
482,Flórez Ltd S.A.S.,2019,84283590.77,19914977.48,1.73,1.42,-4610104.25
483,Castro-Flórez S.A.S.,2023,25652268.31,19385937.5,0.68,1.1,6240081.8
484,"Buitrago, García and García S.A.S.",2020,38068758.54,10260063.04,1.83,1.56,3246814.19
485,"García, Castro and Rendón S.A.S.",2020,26679584.3,11597617.44,2.62,1.42,-3168443.69
486,Jaimes-Quintero S.A.S.,2021,55723772.94,17231799.26,1.82,1.45,9588506.86
487,"Galvis, Ramírez and Angarita S.A.S.",2022,28563693.05,653738.92,1.59,0.25,871985.85
488,Flórez Ltd S.A.S.,2023,15024312.47,13518205.36,2.74,1.06,-3767166.45
489,Calderón and Sons S.A.S.,2023,81176220.52,18183431.73,2.71,0.14,-1221588.98
490,Gómez-Cardozo S.A.S.,2019,4555789.57,10389344.66,1.87,2.43,8015998.02
491,Castro-Flórez S.A.S.,2019,84443865.11,6820746.34,1.76,1.31,6351434.76
492,Ramírez LLC S.A.S.,2022,51463268.31,3951186.82,2.79,0.5,-641284.28
493,Vargas-Álvarez S.A.S.,2023,31865304.9,15391054.6,2.42,1.1,4178470.38
494,Oviedo-Domínguez S.A.S.,2022,33465378.03,8646855.28,1.75,1.63,2621573.54
495,"Gómez, Sanabria and Pulido S.A.S.",2019,39369559.82,3564157.85,1.66,0.56,-3402611.85
496,González Inc S.A.S.,2022,8657380.86,14171277.46,0.86,0.76,8848189.79
497,Mosquera-Medina S.A.S.,2020,70014402.41,6339643.38,0.64,0.99,3761902.25
498,Posada-Peña S.A.S.,2022,7582729.74,7710544.19,2.61,0.36,-4672272.69
499,"Reyes, Álvarez and Hernández S.A.S.",2020,37876441.54,11351548.78,1.65,1.69,-488632.63
500,Posada-Peña S.A.S.,2023,47136442.08,10862294.34,1.42,2.07,8865143.91
501,"Pacheco, Velandia and Ávila S.A.S.",2019,86230207.37,16069073.87,2.94,1.77,7804814.01
502,"Pacheco, Velandia and Ávila S.A.S.",2023,18437793.51,595045.85,1.22,2.31,6723973.27
503,Gil-Salazar S.A.S.,2020,36048612.96,15214281.11,1.97,2.43,-3994264.95
504,Vargas-Álvarez S.A.S.,2021,17699484.23,15831483.86,2.81,2.21,9410260.73
505,Mosquera-Medina S.A.S.,2022,34578069.08,4293511.59,1.85,2.36,-1470421.48
506,Portilla-Palacios S.A.S.,2019,31164943.95,11454362.93,1.93,0.77,2435248.99
507,"Galvis, Ramírez and Angarita S.A.S.",2022,3840714.34,19002569.04,2.98,0.35,-461725.48
508,Ramírez LLC S.A.S.,2020,44053153.97,16870562.35,2.04,1.46,-3994760.88
509,Mosquera-Medina S.A.S.,2019,65652500.88,16615192.32,2.05,1.2,-2417194.71
510,Durán-Bernal S.A.S.,2022,37933492.68,12398411.69,2.97,1.63,-2596371.33
511,"Pacheco, Velandia and Ávila S.A.S.",2022,38905516.84,18445428.3,1.99,0.87,1177272.03
512,Jaimes-Quintero S.A.S.,2022,89031431.54,8682216.59,0.72,2.04,-2740698.15
513,"Palacios, Becerra and Rodríguez S.A.S.",2022,99116041.86,18792193.83,2.93,0.88,-4747846.21
514,Gil-Salazar S.A.S.,2022,34484307.65,6709989.17,2.28,0.45,16377.86
515,Portilla-Palacios S.A.S.,2023,51712665.81,18269189.37,2.04,0.3,6046366.36
516,"Palacios, Becerra and Rodríguez S.A.S.",2021,74949929.7,16339764.08,0.57,1.72,2691444.55
517,Gil-Salazar S.A.S.,2020,18339364.04,12775608.69,0.58,1.91,-2820962.24
518,Rodríguez-Martínez S.A.S.,2020,89663417.77,4946572.14,1.15,1.98,-2091061.58
519,Rodríguez-Martínez S.A.S.,2022,74303997.32,18294100.02,1.83,0.25,7990560.29
520,"Galvis, Ramírez and Angarita S.A.S.",2021,80534489.62,13449034.75,1.71,0.54,9258967.53
521,Jaimes-Quintero S.A.S.,2023,33492486.44,9517212.04,2.35,0.79,-1879262.26
522,Gómez-Cardozo S.A.S.,2020,31091072.14,3814280.7,1.49,2.39,9101667.86
523,Flórez Ltd S.A.S.,2022,44690248.56,14525284.31,2.45,1.83,-3404546.76
524,"Gómez, Sanabria and Pulido S.A.S.",2020,6531111.07,8964872.63,2.76,0.7,3457411.4
525,Vargas-Álvarez S.A.S.,2022,74476671.27,13223579.39,2.95,1.53,-1304773.97
526,Durán-Bernal S.A.S.,2023,77636781.65,11315582.88,0.73,0.2,7704394.29
527,Reyes-Zambrano S.A.S.,2021,66861987.63,1401148.11,2.09,0.89,-422183.68
528,"Reyes, Álvarez and Hernández S.A.S.",2023,74133070.67,2327166.93,2.67,1.77,1921116.91
529,"Gómez, Sanabria and Pulido S.A.S.",2020,51679012.21,3128884.61,2.87,0.38,-4207002.51
530,Rodríguez-Martínez S.A.S.,2022,23589947.98,12475544.87,0.98,1.18,9235784.19
531,"Palacios, Becerra and Rodríguez S.A.S.",2021,40077264.46,17106169.71,0.97,0.48,561722.73
532,Portilla-Palacios S.A.S.,2023,61617910.79,11268317.92,2.57,0.45,3918491.49
533,"Palacios, Becerra and Rodríguez S.A.S.",2022,21398456.88,17965571.66,1.03,1.44,6560904.97
534,Mosquera-Medina S.A.S.,2019,74148793.14,1533607.19,1.57,2.11,9690959.44
535,Reyes-Zambrano S.A.S.,2021,44034318.05,1838252.22,1.14,0.59,5501667.78
536,Oviedo-Domínguez S.A.S.,2023,60771227.8,13880330.32,1.76,1.46,-2577640.6
537,Calderón and Sons S.A.S.,2021,8508892.6,668235.27,1.83,1.6,987779.99
538,Oviedo-Domínguez S.A.S.,2020,24732969.73,6853057.29,2.84,0.63,-2029977.84
539,"García, Castro and Rendón S.A.S.",2019,66059945.05,3568095.77,1.83,0.92,3327811.39
540,"Palacios, Becerra and Rodríguez S.A.S.",2021,91298302.24,14500472.46,1.34,1.92,4506026.18
541,Ramírez LLC S.A.S.,2020,44532406.87,6223011.94,1.76,1.27,-2500001.83
542,"García, Castro and Rendón S.A.S.",2023,41971623.5,9676441.41,2.21,1.24,-4650263.84
543,Garcés-Buitrago S.A.S.,2019,16582536.93,2241694.67,1.53,2.3,5358763.39
544,Mosquera-Medina S.A.S.,2021,83635301.47,19160148.09,2.05,1.39,-1247664.35
545,"Buitrago, García and García S.A.S.",2022,66709595.31,1650069.89,2.97,0.59,2041278.91
546,Flórez Ltd S.A.S.,2021,71948473.79,13445732.68,2.06,0.46,5834418.32
547,"García, Castro and Rendón S.A.S.",2023,37563818.37,11033330.16,2.1,0.73,4614032.05
548,Oviedo-Domínguez S.A.S.,2021,97833037.63,12438544.46,2.33,1.16,596158.46
549,"Gómez, Sanabria and Pulido S.A.S.",2022,86671324.73,1975574.74,2.45,2.34,9091780.59
550,Garcés-Buitrago S.A.S.,2023,42230015.65,7412342.72,2.81,1.62,7660444.62
551,Jaimes-Quintero S.A.S.,2022,74208512.1,2475424.59,2.6,0.31,-3200974.55
552,Jaimes-Quintero S.A.S.,2023,31466876.02,8490218.41,2.25,1.61,9903420.93
553,"García, Castro and Rendón S.A.S.",2020,28220293.0,1412531.97,2.85,2.25,2589611.42
554,Gómez-Cardozo S.A.S.,2021,27400134.9,787487.37,1.69,1.8,6771689.48
555,Flórez Ltd S.A.S.,2021,5425795.82,12299960.4,1.76,1.68,2066532.39
556,Rodríguez-Martínez S.A.S.,2023,3998930.22,9871478.52,2.66,2.24,-3100241.08
557,"Gómez, Sanabria and Pulido S.A.S.",2021,78141112.83,13799011.07,2.45,1.7,3273807.11
558,"García, Castro and Rendón S.A.S.",2022,74186443.48,19643995.34,2.36,2.16,-1907890.54
559,González Inc S.A.S.,2023,49624037.67,10873076.2,2.99,2.05,2431205.05
560,Vargas-Álvarez S.A.S.,2020,74954914.19,3299549.13,0.62,1.86,8519367.52
561,"García, Castro and Rendón S.A.S.",2021,60607256.02,9114679.88,2.84,1.8,1286394.92
562,Calderón and Sons S.A.S.,2020,14749451.59,13775105.45,2.57,1.28,2024984.05
563,Reyes-Zambrano S.A.S.,2020,36211389.6,18350456.11,2.63,0.38,-347632.84
564,Rodríguez-Martínez S.A.S.,2023,90924103.92,7903108.05,2.17,1.84,6673887.45
565,Gil-Salazar S.A.S.,2021,32032501.37,4346079.16,1.5,1.44,6528168.16
566,González Inc S.A.S.,2022,93669080.92,19188577.34,1.44,0.32,6252521.08
567,Muñoz LLC S.A.S.,2022,34843618.0,14027418.47,0.66,0.83,1376570.69
568,Gómez-Cardozo S.A.S.,2022,88570336.86,2156072.37,2.37,1.09,-647177.6
569,González Inc S.A.S.,2023,58503475.86,12770963.36,1.76,1.05,-2140563.55
570,Muñoz LLC S.A.S.,2022,90630747.13,2083718.87,1.26,1.32,-3431538.71
571,Flórez Ltd S.A.S.,2021,95604130.26,15311050.84,0.6,0.28,2895485.13
572,Ramírez LLC S.A.S.,2019,24602763.81,3332958.18,1.2,2.04,4667508.37
573,"Pacheco, Velandia and Ávila S.A.S.",2019,71534216.86,6330299.66,0.83,1.95,-1537269.69
574,"García, Castro and Rendón S.A.S.",2021,84006595.12,9305426.72,1.53,0.31,9434704.56
575,Garcés-Buitrago S.A.S.,2021,48316974.89,10682898.66,0.77,0.37,575437.5
576,Posada-Peña S.A.S.,2019,1494214.37,6463327.11,2.84,1.52,4234919.53
577,Gil-Salazar S.A.S.,2020,10512134.82,16343157.89,0.65,2.02,3469843.39
578,Vargas-Álvarez S.A.S.,2021,69649808.62,2009046.72,1.21,1.14,2920701.58
579,"Gómez, Sanabria and Pulido S.A.S.",2020,14880144.07,13013582.05,2.18,2.47,1800544.79
580,Gil-Salazar S.A.S.,2023,50738406.8,8797269.47,0.94,0.66,-505021.75
581,"Reyes, Álvarez and Hernández S.A.S.",2023,1396378.64,9876665.78,0.92,0.4,2195838.41
582,"Pacheco, Velandia and Ávila S.A.S.",2022,33636314.92,14202018.14,2.77,0.61,-2241334.72
583,Posada-Peña S.A.S.,2020,26121011.05,489687.77,1.14,0.4,2617510.42
584,"Reyes, Álvarez and Hernández S.A.S.",2022,11037580.59,5605609.07,2.62,2.39,5814970.45
585,"Reyes, Álvarez and Hernández S.A.S.",2021,30644737.53,11335140.09,2.1,1.53,872023.5
586,Durán-Bernal S.A.S.,2021,52213500.07,2806863.72,0.61,0.2,4667964.7
587,"Gómez, Sanabria and Pulido S.A.S.",2023,67776034.81,12936141.34,1.16,0.76,-2832887.23
588,Durán-Bernal S.A.S.,2021,74094470.31,1216602.79,1.12,1.65,9862937.96
589,Garcés-Buitrago S.A.S.,2020,87598594.24,7456199.28,0.58,2.06,-3340086.34
590,Portilla-Palacios S.A.S.,2023,2638968.18,16006436.57,1.92,1.49,8605716.73
591,"Pacheco, Velandia and Ávila S.A.S.",2019,8959644.74,10767121.11,2.26,2.29,5954022.07
592,"Reyes, Álvarez and Hernández S.A.S.",2022,49071559.26,15844817.84,0.97,1.35,3530633.31
593,"Palacios, Becerra and Rodríguez S.A.S.",2019,24223048.85,12444721.19,1.55,0.85,-3326009.68
594,"Buitrago, García and García S.A.S.",2020,3374950.8,8139905.44,2.47,1.77,906980.82
595,"Palacios, Becerra and Rodríguez S.A.S.",2021,1929116.89,14640073.41,2.85,1.64,7926563.19
596,"Palacios, Becerra and Rodríguez S.A.S.",2023,40004858.68,18574225.29,0.62,1.35,-836532.6
597,Portilla-Palacios S.A.S.,2020,23179049.51,7142312.69,1.46,1.05,9867343.9
598,Portilla-Palacios S.A.S.,2022,64051417.77,16027925.8,1.24,2.02,-3614938.12
599,"Galvis, Ramírez and Angarita S.A.S.",2020,69658277.76,15126854.29,0.83,2.34,-3652143.94
600,Durán-Bernal S.A.S.,2020,28250974.23,13760366.15,1.95,0.39,1400407.51
601,Flórez Ltd S.A.S.,2023,70534088.77,11345556.59,1.56,0.18,6562365.26
602,Oviedo-Domínguez S.A.S.,2022,84445703.35,18236880.93,2.55,0.97,3927402.14
603,Oviedo-Domínguez S.A.S.,2020,68341577.59,9578587.16,0.79,1.04,9377661.32
604,Jaimes-Quintero S.A.S.,2019,57039132.44,1208031.64,0.74,1.5,1121436.33
605,Garcés-Buitrago S.A.S.,2023,82330241.09,15923605.32,2.4,1.12,-992109.74
606,"Galvis, Ramírez and Angarita S.A.S.",2022,99478699.93,8842802.79,2.08,1.45,8541253.17
607,"Galvis, Ramírez and Angarita S.A.S.",2021,91924764.68,11972258.89,1.39,0.81,-3710873.57
608,Reyes-Zambrano S.A.S.,2023,93812502.81,5968663.31,1.91,1.07,-3741480.28
609,González Inc S.A.S.,2023,88687781.27,7890697.67,2.85,0.29,-2460287.69
610,"García, Castro and Rendón S.A.S.",2021,49986143.74,8520800.44,2.72,2.48,7497750.37
611,Gómez-Cardozo S.A.S.,2020,99167676.61,19119698.14,2.87,1.5,6545938.94
612,Oviedo-Domínguez S.A.S.,2019,25778495.01,17745480.99,2.48,2.49,8214571.81
613,Gómez-Cardozo S.A.S.,2021,86844926.9,8560669.02,2.75,1.12,-1099253.2
614,Durán-Bernal S.A.S.,2020,27656849.32,7353672.71,2.02,1.18,784600.59
615,Gómez-Cardozo S.A.S.,2020,36247674.29,19372049.98,1.6,1.17,9762441.12
616,Ramírez LLC S.A.S.,2020,41215757.78,16333589.35,0.86,0.25,8683948.35
617,Gil-Salazar S.A.S.,2019,45455970.68,18870284.86,1.86,2.03,-1739713.73
618,Reyes-Zambrano S.A.S.,2019,43192377.76,833795.58,2.14,0.32,1717819.6
619,Calderón and Sons S.A.S.,2019,72014082.45,4005839.42,1.31,1.55,-940334.05
620,Calderón and Sons S.A.S.,2023,1541479.14,10091359.29,0.98,0.53,3314604.07
621,Rodríguez-Martínez S.A.S.,2019,48195424.26,14086058.89,2.38,1.28,679991.84
622,"Pacheco, Velandia and Ávila S.A.S.",2022,98116363.43,236237.71,1.73,2.46,5187574.82
623,Flórez Ltd S.A.S.,2019,87255640.61,19267062.51,0.62,1.55,9194503.04
624,"Pacheco, Velandia and Ávila S.A.S.",2019,52236530.42,3158570.08,1.44,1.88,9122347.68
625,"Galvis, Ramírez and Angarita S.A.S.",2023,63188958.29,9085632.87,1.49,1.0,5302614.78
626,Ramírez LLC S.A.S.,2021,1447998.13,1043411.21,2.3,0.86,6080179.64
627,"Gómez, Sanabria and Pulido S.A.S.",2019,55427095.85,5233886.81,1.85,1.91,-1271630.11
628,Jaimes-Quintero S.A.S.,2023,90366982.11,3637130.71,2.82,0.14,2830065.85
629,"Pacheco, Velandia and Ávila S.A.S.",2019,12927906.04,3391154.76,0.56,1.07,584226.0
630,Mosquera-Medina S.A.S.,2019,80368963.98,187644.97,1.4,0.89,8547669.83
631,Ramírez LLC S.A.S.,2019,1639658.59,3433807.22,2.58,1.34,4698818.8
632,Jaimes-Quintero S.A.S.,2021,58187446.56,14564825.72,1.65,0.45,5351915.16
633,"Buitrago, García and García S.A.S.",2020,45980768.16,16134750.12,2.18,1.51,7549136.51
634,Durán-Bernal S.A.S.,2022,23234028.23,17162239.35,0.92,1.3,-4763640.04
635,Ramírez LLC S.A.S.,2023,48109573.78,16292719.18,0.8,2.01,-4027699.33
636,Flórez Ltd S.A.S.,2022,47387647.66,15340925.82,2.22,1.56,3065497.51
637,Gil-Salazar S.A.S.,2023,55274663.86,16297930.27,2.38,1.12,-3169254.38
638,Flórez Ltd S.A.S.,2020,51240033.36,12056523.75,2.11,0.6,2171021.91
639,Gil-Salazar S.A.S.,2020,6059707.99,1377019.45,1.93,1.62,8881077.61
640,"García, Castro and Rendón S.A.S.",2020,26702318.4,4708880.84,0.81,0.44,5928463.61
641,"Buitrago, García and García S.A.S.",2019,1912886.97,19013646.12,1.11,0.96,-3244852.59
642,Castro-Flórez S.A.S.,2023,46754833.81,9573992.96,0.79,0.25,-2308156.03
643,Muñoz LLC S.A.S.,2020,96054153.51,18458300.19,2.09,2.31,-401183.32
644,"Buitrago, García and García S.A.S.",2021,24670523.66,18492936.5,0.76,1.66,175229.09
645,Castro-Flórez S.A.S.,2020,52189020.11,13148698.84,1.49,1.04,-3100560.84
646,"Galvis, Ramírez and Angarita S.A.S.",2019,89290000.84,13289558.35,2.71,1.08,7197848.27
647,"García, Castro and Rendón S.A.S.",2020,22464577.23,18321561.38,2.75,0.43,-1537838.53
648,Jaimes-Quintero S.A.S.,2023,53548458.51,5647184.47,2.6,1.99,7684516.32
649,"Galvis, Ramírez and Angarita S.A.S.",2023,60910274.56,5489141.56,1.05,2.33,-2738059.3
650,"Galvis, Ramírez and Angarita S.A.S.",2019,5113911.01,5445326.44,2.56,0.68,7620487.69
651,Garcés-Buitrago S.A.S.,2022,79614605.94,8191522.38,1.13,1.78,5208693.97
652,Gómez-Cardozo S.A.S.,2021,85736350.78,11882691.99,1.5,0.82,-4650459.68
653,Rodríguez-Martínez S.A.S.,2022,43030801.04,6285110.97,2.73,0.1,-1420964.1
654,"García, Castro and Rendón S.A.S.",2021,80919538.7,18994981.91,2.79,2.49,-3885248.12
655,"Gómez, Sanabria and Pulido S.A.S.",2023,43586573.03,12689312.94,2.63,0.47,-1291249.59
656,"García, Castro and Rendón S.A.S.",2020,29072452.75,16314343.82,2.05,0.95,3715463.17
657,Durán-Bernal S.A.S.,2023,62312925.74,9918898.29,1.22,0.81,-4548202.52
658,"Reyes, Álvarez and Hernández S.A.S.",2019,67210915.92,11443016.94,2.42,2.5,-57026.23
659,"Galvis, Ramírez and Angarita S.A.S.",2019,13864852.07,19164759.25,2.97,1.11,6269720.74
660,"Gómez, Sanabria and Pulido S.A.S.",2019,47617203.13,18919603.88,1.08,0.42,9040312.55
661,Gómez-Cardozo S.A.S.,2020,43393749.76,15113729.52,0.63,0.74,4746786.12
662,Rodríguez-Martínez S.A.S.,2020,58005695.05,19353302.78,2.68,0.8,-4155839.34
663,"Gómez, Sanabria and Pulido S.A.S.",2021,53516319.65,2542317.06,2.88,2.13,2502561.31
664,"Gómez, Sanabria and Pulido S.A.S.",2023,5920933.49,10482732.95,1.59,1.85,4981254.31
665,Muñoz LLC S.A.S.,2021,46025278.86,10820345.28,0.62,0.61,7435815.86
666,Vargas-Álvarez S.A.S.,2021,67431411.35,17238607.2,1.27,0.62,5807974.49
667,Vargas-Álvarez S.A.S.,2022,33797976.74,8548183.74,2.37,0.49,7281277.43
668,"Pacheco, Velandia and Ávila S.A.S.",2021,96154810.53,18905585.17,1.11,0.54,5091545.02
669,"Reyes, Álvarez and Hernández S.A.S.",2019,49786563.93,4602029.58,2.97,1.13,7160295.84
670,Garcés-Buitrago S.A.S.,2021,62104679.01,820773.68,0.94,0.32,-490386.31
671,Portilla-Palacios S.A.S.,2020,38691089.36,19537821.32,1.73,1.91,2586005.28
672,"Buitrago, García and García S.A.S.",2022,36450658.07,13257661.96,1.86,0.23,-2259584.43
673,Gómez-Cardozo S.A.S.,2022,99026538.55,16062992.41,0.62,2.1,-3683675.31
674,"Galvis, Ramírez and Angarita S.A.S.",2019,78306782.23,17842483.38,2.29,1.94,-3410727.89
675,Mosquera-Medina S.A.S.,2019,90924362.57,5681452.23,1.7,0.85,-2333768.38
676,Oviedo-Domínguez S.A.S.,2022,59871666.71,10851858.57,2.67,0.91,-734659.02
677,Rodríguez-Martínez S.A.S.,2021,65815887.19,17876396.35,2.79,2.01,2609425.36
678,"Pacheco, Velandia and Ávila S.A.S.",2021,31797801.27,19615877.69,2.79,1.42,6086051.21
679,"Pacheco, Velandia and Ávila S.A.S.",2022,36453581.2,17339061.6,2.27,0.53,1789039.82
680,Muñoz LLC S.A.S.,2022,78280574.47,16036095.24,2.1,0.84,6605871.54
681,"Gómez, Sanabria and Pulido S.A.S.",2023,59226917.29,969853.22,0.77,0.74,6670967.77
682,"Pacheco, Velandia and Ávila S.A.S.",2020,98432194.72,2529331.19,0.91,0.24,-3654554.79
683,Calderón and Sons S.A.S.,2020,31019918.89,9902794.2,1.06,2.14,-1643693.58
684,González Inc S.A.S.,2023,26396009.52,6189496.27,0.79,2.07,3834424.65
685,Rodríguez-Martínez S.A.S.,2019,22402521.79,18970720.61,2.62,1.87,8711137.47
686,Gil-Salazar S.A.S.,2023,41969392.51,17827388.85,1.21,2.36,-2304548.59
687,Jaimes-Quintero S.A.S.,2019,51322749.01,11710494.85,0.58,2.14,8333799.02
688,Vargas-Álvarez S.A.S.,2023,51740134.49,2990850.12,1.71,2.02,-1435032.88
689,Calderón and Sons S.A.S.,2019,21900524.67,5828065.8,0.57,0.82,-2493053.11
690,Reyes-Zambrano S.A.S.,2023,90127914.39,13546231.55,1.29,2.45,9143006.37
691,Gómez-Cardozo S.A.S.,2020,19595228.87,16568322.72,1.86,1.8,3916997.9
692,Jaimes-Quintero S.A.S.,2020,80037867.78,7530573.77,2.75,2.15,-2079120.17
693,Castro-Flórez S.A.S.,2022,94936902.65,17511122.36,2.78,0.79,4066446.28
694,Mosquera-Medina S.A.S.,2020,97847044.04,11321573.66,0.93,2.22,-3023130.97
695,"Pacheco, Velandia and Ávila S.A.S.",2023,13241067.5,18059032.83,2.9,0.63,-3285841.69
696,"Reyes, Álvarez and Hernández S.A.S.",2021,90328097.57,17494746.37,2.43,1.26,2831827.7
697,Jaimes-Quintero S.A.S.,2019,63421819.0,14254410.71,1.37,0.14,2783523.44
698,Ramírez LLC S.A.S.,2020,44468835.83,4008122.4,0.93,0.71,4672590.15
699,Muñoz LLC S.A.S.,2022,24847447.28,10370635.61,2.51,1.85,7541895.37
700,Portilla-Palacios S.A.S.,2020,10595082.67,13363094.33,2.53,1.98,7295938.8
701,Gómez-Cardozo S.A.S.,2019,57831718.83,7132852.61,2.55,0.22,2495315.93
702,Mosquera-Medina S.A.S.,2020,96971814.55,16293754.23,2.63,1.24,2145382.66
703,"Reyes, Álvarez and Hernández S.A.S.",2023,80992580.43,7169421.77,2.31,0.91,-343713.04
704,Rodríguez-Martínez S.A.S.,2021,15734008.12,5742989.9,2.47,0.64,-3639239.79
705,Castro-Flórez S.A.S.,2022,67483138.12,19578487.01,1.03,2.02,9270082.47
706,Posada-Peña S.A.S.,2020,80995573.68,6573979.07,0.91,0.43,-4542812.55
707,Vargas-Álvarez S.A.S.,2023,99038850.34,13714171.49,0.54,2.35,9526977.72
708,Durán-Bernal S.A.S.,2023,69804426.04,17000822.61,0.53,1.34,7950998.56
709,González Inc S.A.S.,2021,80619901.29,7958560.31,1.55,0.28,6597527.41
710,"Gómez, Sanabria and Pulido S.A.S.",2021,52901568.88,15334913.86,0.52,1.32,9649346.13
711,Muñoz LLC S.A.S.,2022,75366022.27,7014460.54,1.3,1.57,5493513.96
712,Mosquera-Medina S.A.S.,2021,79018992.71,16328116.02,0.65,0.52,5420256.85
713,Reyes-Zambrano S.A.S.,2019,67331585.34,455013.71,2.96,0.62,8289066.29
714,Gil-Salazar S.A.S.,2023,66220853.02,4440575.27,0.91,0.83,1835767.05
715,Oviedo-Domínguez S.A.S.,2023,77939435.06,8579124.3,1.28,1.15,8751655.95
716,Castro-Flórez S.A.S.,2022,30994250.63,17871529.96,2.13,2.17,2633115.79
717,Gil-Salazar S.A.S.,2023,5141677.71,1677714.19,1.77,0.61,1186741.82
718,Ramírez LLC S.A.S.,2020,97733350.08,3834893.96,3.0,2.17,-302612.35
719,"Gómez, Sanabria and Pulido S.A.S.",2023,18483929.94,14626610.54,0.64,1.78,3369606.79
720,Jaimes-Quintero S.A.S.,2019,10741567.23,4896105.09,0.7,1.5,-1035876.09
721,Flórez Ltd S.A.S.,2022,54321173.28,14445210.3,1.45,2.48,4634976.96
722,Durán-Bernal S.A.S.,2021,24204849.29,12025366.39,1.27,2.06,9002742.75
723,"García, Castro and Rendón S.A.S.",2023,34585781.89,2694961.1,0.92,2.08,9106178.75
724,Reyes-Zambrano S.A.S.,2023,72571534.27,3687523.89,1.39,0.52,7173844.92
725,"Galvis, Ramírez and Angarita S.A.S.",2019,41386070.51,2233425.7,2.45,1.01,-4164991.17
726,"Galvis, Ramírez and Angarita S.A.S.",2019,47154661.01,4030164.87,0.82,0.37,-2236523.45
727,Garcés-Buitrago S.A.S.,2020,14901727.01,1490780.21,1.73,1.36,-4183750.17
728,Gómez-Cardozo S.A.S.,2021,56204300.69,6407584.59,0.78,0.8,3642371.19
729,Posada-Peña S.A.S.,2020,63409110.98,18988648.58,2.72,1.49,5780959.94
730,"Pacheco, Velandia and Ávila S.A.S.",2023,91096300.97,3127178.61,2.8,1.42,-1472805.47
731,Posada-Peña S.A.S.,2022,38907894.98,4459333.56,1.47,0.64,2441385.25
732,Castro-Flórez S.A.S.,2022,64820032.51,4994874.33,2.49,1.34,-4328388.3
733,Garcés-Buitrago S.A.S.,2022,44121410.31,15160393.03,2.09,1.33,8852009.31
734,"Gómez, Sanabria and Pulido S.A.S.",2022,35527136.1,18029626.84,2.6,1.85,8340855.23
735,González Inc S.A.S.,2019,46013341.3,19529499.03,2.39,1.09,6872826.11
736,Garcés-Buitrago S.A.S.,2019,79590428.6,9921758.98,1.53,0.97,1071635.32
737,Calderón and Sons S.A.S.,2023,83544395.37,11228340.85,2.36,1.24,-209318.57
738,Durán-Bernal S.A.S.,2019,36358155.29,17123476.66,0.55,0.24,8732041.43
739,Calderón and Sons S.A.S.,2019,11079390.47,18364633.31,2.34,0.8,-851057.51
740,Gil-Salazar S.A.S.,2021,65947668.7,10574313.46,2.43,1.01,5221816.81
741,Gil-Salazar S.A.S.,2022,85053974.14,17793877.49,2.17,0.69,7463482.63
742,Castro-Flórez S.A.S.,2019,2113611.24,19096271.46,2.0,1.85,4691247.51
743,Mosquera-Medina S.A.S.,2019,97463726.22,17703160.72,1.44,0.39,9006190.72
744,Gil-Salazar S.A.S.,2022,81032575.43,12323794.2,1.64,2.47,4375537.73
745,Gómez-Cardozo S.A.S.,2023,75867973.05,12343757.08,2.34,0.44,4673966.66
746,Durán-Bernal S.A.S.,2023,96254776.04,11705600.36,1.29,0.15,-1837331.12
747,Oviedo-Domínguez S.A.S.,2019,68378120.65,15992369.82,1.03,1.73,1173974.4
748,Posada-Peña S.A.S.,2019,53112195.28,6089417.41,1.89,0.23,5537304.62
749,"Buitrago, García and García S.A.S.",2019,67443433.68,14280853.6,0.75,2.24,-1658363.35
750,Flórez Ltd S.A.S.,2022,81008260.48,11652400.95,0.8,2.21,8212181.31
751,Oviedo-Domínguez S.A.S.,2023,17753138.53,13369828.8,0.52,2.38,1888865.81
752,Jaimes-Quintero S.A.S.,2021,51322895.59,320458.77,1.76,1.63,1621324.98
753,Flórez Ltd S.A.S.,2019,26356330.24,4386860.42,2.03,0.52,-638865.54
754,Oviedo-Domínguez S.A.S.,2019,98925390.34,5997434.73,2.2,0.24,5587339.36
755,Muñoz LLC S.A.S.,2019,51628841.48,8894228.84,2.82,2.07,-891515.11
756,"Gómez, Sanabria and Pulido S.A.S.",2020,84575392.89,7590431.91,2.73,1.67,-4618769.17
757,Reyes-Zambrano S.A.S.,2022,28213224.29,13283645.01,1.86,1.28,6632171.91
758,Portilla-Palacios S.A.S.,2021,57924968.15,8483993.38,2.5,2.33,2094660.48
759,"Palacios, Becerra and Rodríguez S.A.S.",2021,18484176.9,7624928.63,1.51,1.89,1929041.57
760,Garcés-Buitrago S.A.S.,2021,61981237.29,15208816.31,2.39,0.9,9809351.29
761,Reyes-Zambrano S.A.S.,2022,61502907.61,4906979.41,2.37,0.9,8420399.37
762,Garcés-Buitrago S.A.S.,2020,47522401.9,9102491.93,1.49,1.69,-179523.1
763,Muñoz LLC S.A.S.,2022,44112666.13,15815723.55,2.73,1.54,255221.52
764,Garcés-Buitrago S.A.S.,2022,5211130.8,7243666.47,1.49,0.23,3123410.32
765,"García, Castro and Rendón S.A.S.",2019,64448910.96,4329099.76,2.78,0.18,126761.72
766,Oviedo-Domínguez S.A.S.,2023,37196236.82,12610119.99,2.82,0.75,-2077561.18
767,Mosquera-Medina S.A.S.,2019,27715841.71,6903158.66,0.69,1.67,-4360806.16
768,Muñoz LLC S.A.S.,2021,47913307.84,2752708.27,1.3,2.1,-3034438.59
769,Flórez Ltd S.A.S.,2023,99380405.44,8157528.89,0.56,0.26,6543313.8
770,Oviedo-Domínguez S.A.S.,2022,18839441.24,13769009.99,1.07,0.83,9606508.12
771,Durán-Bernal S.A.S.,2023,44980302.68,16292053.9,1.37,1.08,6680164.98
772,Muñoz LLC S.A.S.,2023,94985538.8,4337912.5,1.9,2.0,1170110.68
773,"Reyes, Álvarez and Hernández S.A.S.",2019,4433542.39,9590149.52,2.99,2.47,1727888.46
774,Gómez-Cardozo S.A.S.,2023,37839512.97,6168362.19,1.53,1.19,-4263007.75
775,Gil-Salazar S.A.S.,2022,84326635.62,10565944.79,2.53,1.18,3184668.19
776,"Galvis, Ramírez and Angarita S.A.S.",2019,15469531.84,12653464.91,2.26,1.36,1556554.22
777,"Palacios, Becerra and Rodríguez S.A.S.",2023,2225507.16,16163414.66,1.17,1.61,4906237.04
778,Posada-Peña S.A.S.,2019,39004396.91,19055924.56,2.95,0.62,-3704745.42
779,Jaimes-Quintero S.A.S.,2019,72475522.69,14996737.27,1.79,0.93,9171604.74
780,Oviedo-Domínguez S.A.S.,2019,4070779.55,718707.37,0.62,0.11,3453956.26
781,Calderón and Sons S.A.S.,2020,36014069.79,17990995.73,2.34,0.25,4149384.86
782,Rodríguez-Martínez S.A.S.,2019,97681590.22,1936235.06,2.18,2.24,-2756915.36
783,"García, Castro and Rendón S.A.S.",2021,58290445.98,16170133.07,0.86,1.44,7582251.38
784,Muñoz LLC S.A.S.,2022,68508818.56,6551909.98,1.42,1.26,487562.89
785,Vargas-Álvarez S.A.S.,2020,92931182.64,11721585.89,1.32,0.13,7214673.72
786,Calderón and Sons S.A.S.,2023,78508200.57,6654337.48,1.52,2.22,8189538.63
787,Garcés-Buitrago S.A.S.,2023,29708510.84,13010850.72,1.92,0.47,4281961.71
788,"Reyes, Álvarez and Hernández S.A.S.",2023,67630591.89,1426015.78,2.42,1.89,-4574819.77
789,Calderón and Sons S.A.S.,2023,94195438.4,18372232.03,2.99,2.47,1825008.11
790,Ramírez LLC S.A.S.,2019,35875169.82,13476080.68,2.87,1.38,-4296300.13
791,"Pacheco, Velandia and Ávila S.A.S.",2019,95307375.39,12397275.24,2.61,0.28,-4404832.9
792,Mosquera-Medina S.A.S.,2023,34618649.4,2012988.96,1.21,2.13,-3057612.01
793,Ramírez LLC S.A.S.,2019,59371686.22,1039801.26,2.79,1.22,3719477.68
794,"García, Castro and Rendón S.A.S.",2022,91413985.67,5708557.38,2.91,0.82,667352.9
795,Garcés-Buitrago S.A.S.,2019,73540189.02,11846894.78,2.67,1.51,9289048.13
796,Vargas-Álvarez S.A.S.,2019,7093647.9,770190.02,2.53,2.33,3941163.11
797,Muñoz LLC S.A.S.,2020,94841181.29,11033421.72,2.83,0.67,-2836999.1
798,Garcés-Buitrago S.A.S.,2023,42332118.92,9293047.32,2.76,1.46,-2900345.2
799,"Buitrago, García and García S.A.S.",2023,19484705.73,12817283.06,1.02,1.19,6756251.61
800,"García, Castro and Rendón S.A.S.",2019,91169265.73,16586734.43,1.89,1.38,-2755795.27
801,"Gómez, Sanabria and Pulido S.A.S.",2019,91651694.98,11941052.34,2.7,0.45,1515924.12
802,Gómez-Cardozo S.A.S.,2019,11483256.56,11445971.06,1.26,1.97,2169928.41
803,"García, Castro and Rendón S.A.S.",2023,37122642.43,9824284.02,2.06,0.46,4548599.64
804,Vargas-Álvarez S.A.S.,2020,44006660.37,19013907.45,0.74,0.65,3585567.49
805,Muñoz LLC S.A.S.,2022,77388344.81,10794633.65,2.79,0.54,9493026.67
806,Rodríguez-Martínez S.A.S.,2023,2825097.41,17644900.8,0.69,0.17,5449358.36
807,"Galvis, Ramírez and Angarita S.A.S.",2019,90988295.56,7529005.26,0.74,0.96,5842595.12
808,Castro-Flórez S.A.S.,2019,24757720.8,3048086.88,1.87,1.77,6025831.38
809,Portilla-Palacios S.A.S.,2022,70583853.53,13545851.21,2.94,0.44,4586282.0
810,Vargas-Álvarez S.A.S.,2023,67629399.87,1180380.02,2.42,1.84,3682017.48
811,"Palacios, Becerra and Rodríguez S.A.S.",2022,68800605.14,8237120.64,2.2,1.95,5494237.52
812,Portilla-Palacios S.A.S.,2020,22344161.64,18646299.78,2.48,2.49,-2131443.61
813,"García, Castro and Rendón S.A.S.",2023,57163633.95,14162748.99,1.87,1.57,347938.75
814,Oviedo-Domínguez S.A.S.,2023,71886819.76,9476440.8,1.53,0.15,-1153315.14
815,Reyes-Zambrano S.A.S.,2019,4116741.72,19021342.71,2.57,1.07,4983267.24
816,Gil-Salazar S.A.S.,2023,61223026.55,9962867.51,1.89,1.01,1770750.31
817,"Buitrago, García and García S.A.S.",2022,3784057.46,2753767.73,2.53,0.54,5771296.06
818,Gil-Salazar S.A.S.,2020,55660591.43,14204396.12,1.1,1.85,4853068.03
819,Flórez Ltd S.A.S.,2023,29784282.76,11991824.88,0.94,2.0,8779487.3
820,González Inc S.A.S.,2022,83667968.12,12514739.93,0.76,0.53,5052739.51
821,Mosquera-Medina S.A.S.,2019,1961354.75,11593200.22,2.12,0.31,588352.93
822,"Gómez, Sanabria and Pulido S.A.S.",2021,49532812.13,15247522.1,2.97,1.26,-2173273.92
823,Gil-Salazar S.A.S.,2021,91346150.03,18292194.79,1.92,2.01,-4734155.15
824,"Reyes, Álvarez and Hernández S.A.S.",2022,27069068.43,12353512.88,1.62,2.46,8753018.8
825,Vargas-Álvarez S.A.S.,2021,24076905.17,12754756.42,0.83,1.41,5750560.6
826,Gómez-Cardozo S.A.S.,2022,95766375.02,8143477.19,2.82,0.26,6449361.27
827,Jaimes-Quintero S.A.S.,2022,24697505.63,13117325.18,0.92,2.07,6532879.21
828,"Galvis, Ramírez and Angarita S.A.S.",2020,28846120.54,6784184.49,2.17,2.45,6604140.8
829,Muñoz LLC S.A.S.,2021,71540127.99,2902713.7,2.31,0.94,4419041.32
830,"Galvis, Ramírez and Angarita S.A.S.",2020,94646972.19,17842560.91,2.01,1.09,-1029925.72
831,Mosquera-Medina S.A.S.,2022,23895673.79,14671769.31,1.51,1.98,2263425.85
832,Jaimes-Quintero S.A.S.,2022,31168504.63,16501511.85,2.2,1.01,5399865.32
833,Calderón and Sons S.A.S.,2020,73429999.0,744191.72,2.87,0.26,1941017.9
834,Mosquera-Medina S.A.S.,2021,85490527.79,11341928.33,2.39,2.25,5926287.66
835,Ramírez LLC S.A.S.,2019,88995696.33,1156786.8,1.92,0.51,946395.76
836,González Inc S.A.S.,2022,15241059.89,11074263.26,1.12,1.42,7453803.0
837,Jaimes-Quintero S.A.S.,2019,17315594.14,14992035.49,2.04,1.09,5602681.0
838,Vargas-Álvarez S.A.S.,2019,78013186.14,16332293.51,1.37,1.83,6194480.57
839,Mosquera-Medina S.A.S.,2022,88857633.93,15970096.72,0.7,2.2,-3634624.63
840,Rodríguez-Martínez S.A.S.,2023,35849835.89,15944832.31,2.84,0.59,4308417.12
841,Gil-Salazar S.A.S.,2023,8557302.16,3656239.67,1.47,0.69,6089420.31
842,Portilla-Palacios S.A.S.,2022,7386233.72,11313059.89,1.82,0.87,-2372250.17
843,Posada-Peña S.A.S.,2023,22697799.79,16377626.88,0.61,1.45,8636915.36
844,Jaimes-Quintero S.A.S.,2020,74412379.25,10891015.48,2.32,2.27,-3180983.64
845,Reyes-Zambrano S.A.S.,2020,13541022.98,11940041.44,1.68,0.89,-4215017.47
846,"García, Castro and Rendón S.A.S.",2019,75081757.42,2920488.33,2.17,2.06,6036567.42
847,Jaimes-Quintero S.A.S.,2023,39397066.3,11830914.71,1.7,2.28,4255304.85
848,González Inc S.A.S.,2020,6016977.62,14269064.8,2.32,2.18,9996729.06
849,Durán-Bernal S.A.S.,2021,84644904.78,5265220.53,2.15,0.61,1675556.05
850,Portilla-Palacios S.A.S.,2023,50779650.63,11118914.9,1.15,2.41,-1920473.84
851,Posada-Peña S.A.S.,2022,45077926.96,3165223.89,2.63,1.52,871913.49
852,Gil-Salazar S.A.S.,2022,27884203.26,11359297.39,0.96,1.37,-382071.34
853,González Inc S.A.S.,2023,68732639.5,12983818.91,1.47,2.48,-2165096.15
854,Garcés-Buitrago S.A.S.,2021,6019461.81,1945160.99,1.52,0.13,2599559.78
855,"Palacios, Becerra and Rodríguez S.A.S.",2019,73440514.16,2536144.1,2.09,0.53,-4913368.42
856,Gil-Salazar S.A.S.,2020,44169854.31,6758208.31,0.77,0.89,7829253.62
857,Reyes-Zambrano S.A.S.,2022,33462731.23,11830761.41,2.98,2.44,9666318.31
858,Ramírez LLC S.A.S.,2021,71831126.51,14711468.0,1.92,1.64,-2010430.49
859,Gómez-Cardozo S.A.S.,2019,50144658.51,16871286.37,2.37,1.46,5414241.06
860,Flórez Ltd S.A.S.,2019,80697866.02,13086988.25,0.73,1.85,-3862882.62
861,Mosquera-Medina S.A.S.,2023,15905817.92,17726301.97,2.63,0.34,5159351.59
862,González Inc S.A.S.,2020,82223685.54,3340011.11,1.63,0.43,-1650481.24
863,Durán-Bernal S.A.S.,2020,56144367.74,14400672.42,0.93,2.12,3843619.42
864,"Palacios, Becerra and Rodríguez S.A.S.",2021,87294408.44,15939599.69,0.92,1.11,-4265498.2
865,"García, Castro and Rendón S.A.S.",2020,69462561.8,6020632.9,1.15,2.4,-4895117.68
866,Garcés-Buitrago S.A.S.,2021,30027176.98,2740022.39,2.84,1.11,65213.77
867,Vargas-Álvarez S.A.S.,2022,86521468.76,2116067.89,0.84,0.56,293820.75
868,Vargas-Álvarez S.A.S.,2020,63738960.12,14628520.19,2.15,1.22,8077103.3
869,Vargas-Álvarez S.A.S.,2023,94997216.7,1044257.68,2.78,1.74,9404733.45
870,"Reyes, Álvarez and Hernández S.A.S.",2022,55645862.0,16701528.46,0.89,0.82,7430031.85
871,"Reyes, Álvarez and Hernández S.A.S.",2023,49179872.43,11764058.2,1.84,1.96,1811771.19
872,Calderón and Sons S.A.S.,2020,94564908.85,18902603.16,0.7,1.22,-170084.93
873,Oviedo-Domínguez S.A.S.,2019,30757448.08,7388307.76,1.2,2.04,4954391.81
874,Mosquera-Medina S.A.S.,2022,26031618.39,19780674.01,2.15,2.29,-3978012.04
875,Ramírez LLC S.A.S.,2023,70702695.46,15170502.11,1.23,0.33,212687.97
876,Jaimes-Quintero S.A.S.,2023,11220913.75,8242457.27,2.69,1.92,8478238.19
877,Jaimes-Quintero S.A.S.,2023,41387465.96,6643751.54,2.7,0.75,6367845.47
878,"Reyes, Álvarez and Hernández S.A.S.",2022,13495580.41,13893408.56,1.14,1.35,-537854.14
879,Portilla-Palacios S.A.S.,2022,26293447.67,17001568.81,2.8,0.66,9533019.13
880,Gómez-Cardozo S.A.S.,2019,66437269.16,4311933.59,1.17,2.11,3948678.38
881,Oviedo-Domínguez S.A.S.,2021,85226361.76,15466667.31,1.93,2.05,1807241.69
882,Muñoz LLC S.A.S.,2020,89089090.85,15155725.1,1.55,1.36,-3123492.8
883,Gil-Salazar S.A.S.,2022,10479938.27,12430097.29,1.84,2.01,7660061.43
884,"Palacios, Becerra and Rodríguez S.A.S.",2020,12883064.46,4962006.48,1.84,0.16,8920043.19
885,"Pacheco, Velandia and Ávila S.A.S.",2019,32382723.28,3775250.98,2.9,1.93,-2055522.5
886,Calderón and Sons S.A.S.,2022,23246294.04,10353524.56,2.61,0.68,7261377.99
887,Gómez-Cardozo S.A.S.,2020,60067680.26,10250944.32,1.05,1.01,8322565.15
888,Gil-Salazar S.A.S.,2021,86443832.15,17499444.87,2.01,0.54,9836832.31
889,Flórez Ltd S.A.S.,2019,90837035.52,6642938.76,2.44,1.71,-148809.09
890,Mosquera-Medina S.A.S.,2019,36595509.33,2205502.7,0.97,1.0,-3764510.09
891,"Pacheco, Velandia and Ávila S.A.S.",2020,91371396.53,3046891.33,1.22,1.24,1812013.22
892,Muñoz LLC S.A.S.,2021,22547046.81,778316.05,2.25,0.22,-4825475.41
893,Jaimes-Quintero S.A.S.,2020,66571270.4,4486214.9,1.67,2.37,3550758.46
894,Garcés-Buitrago S.A.S.,2019,65444437.34,10239403.86,1.61,2.14,9023287.36
895,Oviedo-Domínguez S.A.S.,2021,26100276.69,10123934.35,0.85,1.54,7687870.49
896,Vargas-Álvarez S.A.S.,2022,36192066.17,2448605.7,2.53,0.5,-3451961.08
897,Garcés-Buitrago S.A.S.,2021,35511188.76,367327.72,1.26,1.64,5214955.66
898,Rodríguez-Martínez S.A.S.,2020,19267382.45,7197730.97,0.98,1.86,-3714684.05
899,Garcés-Buitrago S.A.S.,2021,11342652.56,11668110.74,0.7,2.0,2968331.31
900,"Pacheco, Velandia and Ávila S.A.S.",2019,24367937.03,14956759.33,2.77,0.35,5676128.28
901,Jaimes-Quintero S.A.S.,2022,58792346.45,11841100.58,2.27,0.18,1253459.85
902,Muñoz LLC S.A.S.,2023,66068334.69,8027761.64,2.91,1.98,2540695.09
903,"Galvis, Ramírez and Angarita S.A.S.",2019,58648995.53,1221158.98,1.68,0.21,7781314.68
904,Garcés-Buitrago S.A.S.,2019,9074930.07,14109728.09,2.2,1.07,-724884.46
905,"Pacheco, Velandia and Ávila S.A.S.",2022,41998523.91,6463732.25,0.62,1.2,7583120.49
906,Flórez Ltd S.A.S.,2023,89555302.26,10878580.62,2.02,1.95,7644092.36
907,Castro-Flórez S.A.S.,2019,11482268.6,13903341.05,2.63,1.22,9901736.99
908,Posada-Peña S.A.S.,2022,50459072.46,1114356.23,2.81,2.09,9714856.89
909,Oviedo-Domínguez S.A.S.,2020,21180700.24,16323130.34,0.56,0.74,7538402.91
910,Durán-Bernal S.A.S.,2019,10762768.9,14181061.95,0.54,2.04,-395254.33
911,Vargas-Álvarez S.A.S.,2023,94975540.78,9465069.79,2.65,2.43,9557236.86
912,Oviedo-Domínguez S.A.S.,2023,27148700.1,1754889.82,2.77,2.06,-4532269.88
913,"Pacheco, Velandia and Ávila S.A.S.",2021,48915082.6,15980498.29,1.97,2.24,7821326.35
914,Flórez Ltd S.A.S.,2023,84120219.26,11014961.08,2.64,2.11,3036452.84
915,"García, Castro and Rendón S.A.S.",2023,96920910.21,19411394.58,1.46,0.74,2866470.85
916,Jaimes-Quintero S.A.S.,2022,75344001.72,2642734.6,1.86,2.41,-4759700.3
917,Muñoz LLC S.A.S.,2021,38999091.67,13108853.19,2.98,2.45,-1003088.54
918,Oviedo-Domínguez S.A.S.,2022,31801472.02,4347317.37,1.46,1.59,-4045475.47
919,Garcés-Buitrago S.A.S.,2022,29333540.92,4270002.2,1.54,1.49,5866931.99
920,Garcés-Buitrago S.A.S.,2022,97074194.54,19910190.62,1.41,2.24,-3803482.39
921,Rodríguez-Martínez S.A.S.,2021,99058338.44,18297600.38,2.69,0.85,-353190.2
922,Muñoz LLC S.A.S.,2022,87809118.72,15337156.0,0.82,1.5,1582151.45
923,Portilla-Palacios S.A.S.,2023,15965058.5,3757552.14,2.6,2.33,-4814562.6
924,Rodríguez-Martínez S.A.S.,2019,91702061.63,11202334.4,2.32,0.23,696771.49
925,"Palacios, Becerra and Rodríguez S.A.S.",2023,36738975.07,18451645.08,2.22,0.81,8734168.23
926,Muñoz LLC S.A.S.,2022,55728003.69,17813558.13,0.83,1.65,-4143020.92
927,Jaimes-Quintero S.A.S.,2019,7542409.94,2533350.7,1.32,1.62,-289952.0
928,Gómez-Cardozo S.A.S.,2021,26103162.13,19340541.78,0.6,1.88,8527626.88
929,Mosquera-Medina S.A.S.,2021,1786307.97,9150022.41,1.94,1.55,5734657.25
930,Durán-Bernal S.A.S.,2019,97226637.45,8467147.63,0.59,2.3,5312366.84
931,González Inc S.A.S.,2021,34830588.61,16661723.51,2.16,0.19,5998115.79
932,Vargas-Álvarez S.A.S.,2023,53713203.23,6138238.03,2.86,1.51,8144251.45
933,"García, Castro and Rendón S.A.S.",2021,48795105.51,13900632.51,2.83,0.87,-3346427.39
934,Posada-Peña S.A.S.,2022,56574802.6,12473016.97,2.12,0.9,3649343.58
935,Durán-Bernal S.A.S.,2021,20632150.67,11667131.85,0.71,2.31,2105149.44
936,Oviedo-Domínguez S.A.S.,2021,27821420.32,17211816.79,1.96,1.04,-3819163.58
937,González Inc S.A.S.,2023,57780049.31,12855740.72,1.98,0.67,1542235.51
938,Posada-Peña S.A.S.,2021,17279450.47,11067760.48,1.22,2.47,-3253654.27
939,"Pacheco, Velandia and Ávila S.A.S.",2023,53416243.37,19086545.22,1.67,2.18,2663131.77
940,Calderón and Sons S.A.S.,2020,53136811.66,19776846.71,1.02,1.15,4858165.71
941,Rodríguez-Martínez S.A.S.,2023,83307341.72,6020637.41,2.42,1.81,-1023064.92
942,"García, Castro and Rendón S.A.S.",2023,84681107.89,18736587.5,1.06,1.06,4326594.44
943,Calderón and Sons S.A.S.,2019,56274595.44,13867561.68,2.13,2.38,7256105.29
944,"Palacios, Becerra and Rodríguez S.A.S.",2023,73004218.22,19438699.59,0.66,0.84,3817915.17
945,"Reyes, Álvarez and Hernández S.A.S.",2019,25636652.73,8132939.08,1.1,1.87,4491903.9
946,"Palacios, Becerra and Rodríguez S.A.S.",2021,94904319.02,111398.31,0.54,0.41,-3941325.37
947,Jaimes-Quintero S.A.S.,2022,84178689.64,18437224.08,2.93,0.93,3957994.78
948,"García, Castro and Rendón S.A.S.",2021,95915611.22,18953274.84,2.25,0.24,8000998.44
949,"Gómez, Sanabria and Pulido S.A.S.",2023,60743310.91,3705524.61,1.46,0.6,-3345468.52
950,Reyes-Zambrano S.A.S.,2023,65028977.63,16281146.72,1.0,1.14,-711100.97
951,Vargas-Álvarez S.A.S.,2021,39106707.95,13792876.23,2.59,2.25,-2827477.59
952,Flórez Ltd S.A.S.,2020,81073078.36,3075650.66,1.48,0.8,2951940.86
953,Rodríguez-Martínez S.A.S.,2021,59019957.77,6691764.92,1.03,1.73,1600651.16
954,Mosquera-Medina S.A.S.,2022,51908684.81,12233022.39,1.84,2.49,9647663.91
955,"Galvis, Ramírez and Angarita S.A.S.",2023,98776106.42,3960789.22,1.76,0.83,8723322.9
956,"Buitrago, García and García S.A.S.",2022,49697236.25,17416766.76,1.95,0.94,5650788.63
957,Jaimes-Quintero S.A.S.,2019,56572573.89,16591988.49,1.19,1.08,3499405.02
958,Gil-Salazar S.A.S.,2023,55412723.23,10544430.21,1.07,0.12,-4426335.27
959,Oviedo-Domínguez S.A.S.,2022,76839238.23,2075101.82,0.7,0.21,8926562.74
960,Garcés-Buitrago S.A.S.,2019,58680418.79,1753231.39,2.05,0.86,1112520.46
961,Garcés-Buitrago S.A.S.,2021,6697453.4,15797330.26,1.95,0.63,-3342530.06
962,"Buitrago, García and García S.A.S.",2021,57314132.53,13339011.76,0.57,1.59,3004047.05
963,Jaimes-Quintero S.A.S.,2022,44016222.81,4477473.38,1.19,1.97,6755840.82
964,Gil-Salazar S.A.S.,2020,94544832.87,15258860.25,2.89,2.09,4413979.97
965,"Gómez, Sanabria and Pulido S.A.S.",2022,24000357.47,9327869.43,1.1,2.35,2468318.4
966,"Palacios, Becerra and Rodríguez S.A.S.",2023,41755722.78,15269590.59,1.6,1.82,2886978.72
967,Vargas-Álvarez S.A.S.,2019,66576130.64,13079599.05,1.65,0.62,-3536409.98
968,Posada-Peña S.A.S.,2022,77402146.8,15742025.6,0.89,1.08,-1655364.73
969,González Inc S.A.S.,2022,45944746.42,2938388.02,0.86,1.71,5659155.47
970,Reyes-Zambrano S.A.S.,2021,32659081.85,8032789.76,2.25,1.14,-552266.28
971,"Buitrago, García and García S.A.S.",2023,8834858.86,8648883.03,2.78,1.05,7151840.23
972,"Pacheco, Velandia and Ávila S.A.S.",2023,32636333.86,4142537.49,2.5,1.35,6975614.48
973,González Inc S.A.S.,2020,37354244.1,8967721.64,0.81,2.18,-552601.32
974,Posada-Peña S.A.S.,2019,35903418.08,3490924.42,1.65,1.11,-307012.67
975,Flórez Ltd S.A.S.,2021,67154012.51,10724643.63,2.69,0.16,-4991844.96
976,Calderón and Sons S.A.S.,2022,32153924.14,5821832.53,2.64,1.55,1173781.23
977,"Palacios, Becerra and Rodríguez S.A.S.",2022,26825929.06,4945445.98,2.94,2.21,3930480.99
978,Jaimes-Quintero S.A.S.,2023,4129623.33,6261609.69,0.79,0.47,4636616.56
979,Flórez Ltd S.A.S.,2021,16641500.84,15467195.51,1.39,0.99,2611189.43
980,Gil-Salazar S.A.S.,2020,55014454.72,15567966.8,2.89,2.21,1849718.69
981,Durán-Bernal S.A.S.,2023,50716983.23,4691763.16,1.44,0.82,9611369.22
982,Gil-Salazar S.A.S.,2023,17051007.57,11338667.54,2.04,2.47,-1471381.33
983,Mosquera-Medina S.A.S.,2023,53614905.82,16342218.83,0.55,0.32,-2374230.95
984,Calderón and Sons S.A.S.,2020,77583751.04,12381728.08,0.78,0.25,4131764.48
985,Jaimes-Quintero S.A.S.,2023,96304435.75,2891058.68,2.41,2.24,-2451021.83
986,"Galvis, Ramírez and Angarita S.A.S.",2022,82313434.81,11156129.84,1.45,1.72,9868435.97
987,Gil-Salazar S.A.S.,2021,96349807.01,17770544.82,2.08,1.57,4030883.9
988,Muñoz LLC S.A.S.,2023,93437912.75,14106277.8,2.29,1.54,8360489.26
989,Portilla-Palacios S.A.S.,2019,36098418.06,13085996.82,0.59,0.22,4283467.29
990,Vargas-Álvarez S.A.S.,2021,51525626.9,8123183.15,1.01,1.1,6250007.66
991,"Reyes, Álvarez and Hernández S.A.S.",2022,77879834.85,3555883.34,1.39,1.09,6743643.09
992,Jaimes-Quintero S.A.S.,2020,57800056.71,19156022.98,2.46,0.22,-3935890.27
993,Durán-Bernal S.A.S.,2020,32984076.3,3560535.45,1.02,1.21,7987935.79
994,Durán-Bernal S.A.S.,2023,20989499.11,4235566.6,2.71,2.18,5348340.32
995,Muñoz LLC S.A.S.,2019,40712827.69,12374063.67,1.43,1.82,4773120.52
996,Ramírez LLC S.A.S.,2022,41822548.12,19994792.89,2.03,1.32,3260396.43
997,Durán-Bernal S.A.S.,2023,5997397.96,14370912.32,1.45,1.07,5174421.46
998,Jaimes-Quintero S.A.S.,2023,62678279.66,18903330.83,2.8,0.38,-4167265.07
999,Muñoz LLC S.A.S.,2021,48012905.21,11404915.27,1.68,0.38,5679463.61
